latitude,longitude,bright_ti4,scan,track,acq_date,acq_time,satellite,confidence,version,bright_ti5,frp,daynight
19.3945,-155.28932,330.97,0.68,0.74,2023-01-08,0030,N,nominal,2.0NRT,302.75,14.05,D
19.40254,-155.27594,367,0.68,0.74,2023-01-08,0030,N,high,2.0NRT,302.76,204.67,D
19.402,-155.28267,367,0.68,0.74,2023-01-08,0030,N,high,2.0NRT,373.39,444.08,D
19.40307,-155.26932,331.79,0.68,0.74,2023-01-08,0030,N,nominal,2.0NRT,301.17,204.67,D
19.40085,-155.29706,329.42,0.68,0.74,2023-01-08,0030,N,low,2.0NRT,302.93,84.68,D
19.40144,-155.28973,208,0.68,0.74,2023-01-08,0030,N,low,2.0NRT,323.06,444.08,D
19.40948,-155.27643,367,0.68,0.74,2023-01-08,0030,N,high,2.0NRT,308.16,204.67,D
19.4121,-155.24379,335.58,0.69,0.74,2023-01-08,0030,N,nominal,2.0NRT,291.55,10.12,D
19.41158,-155.25027,354.56,0.69,0.74,2023-01-08,0030,N,nominal,2.0NRT,293.07,10.12,D
19.41106,-155.25681,341.04,0.69,0.74,2023-01-08,0030,N,nominal,2.0NRT,296.1,12.54,D
19.41056,-155.26302,329.03,0.68,0.74,2023-01-08,0030,N,nominal,2.0NRT,302.8,12.54,D
19.41002,-155.26968,342.11,0.68,0.74,2023-01-08,0030,N,nominal,2.0NRT,303.68,204.67,D
19.40773,-155.2981,339.66,0.68,0.74,2023-01-08,0030,N,nominal,2.0NRT,305.26,84.68,D
19.40892,-155.28339,367,0.68,0.74,2023-01-08,0030,N,low,2.0NRT,379.15,444.08,D
19.40833,-155.29073,367,0.68,0.74,2023-01-08,0030,N,low,2.0NRT,334.76,444.08,D
19.41797,-155.25763,367,0.69,0.74,2023-01-08,0030,N,high,2.0NRT,295.01,28.8,D
19.41578,-155.28477,342.13,0.68,0.74,2023-01-08,0030,N,nominal,2.0NRT,305.22,10.47,D
19.41517,-155.2923,329.65,0.68,0.74,2023-01-08,0030,N,low,2.0NRT,299.93,10.47,D
28.70104,-82.02383,321.83,0.76,0.77,2023-01-08,0612,N,nominal,2.0NRT,279.01,2.5,N
28.69888,-82.022,316.31,0.75,0.77,2023-01-08,0612,N,nominal,2.0NRT,278.7,3.97,N
21.43994,-77.99667,302.24,0.36,0.57,2023-01-08,0614,N,nominal,2.0NRT,289.48,0.59,N
21.32474,-78.17389,302.97,0.37,0.58,2023-01-08,0614,N,nominal,2.0NRT,289.25,0.57,N
21.32438,-78.17026,302.54,0.37,0.58,2023-01-08,0614,N,nominal,2.0NRT,288.68,0.57,N
21.16433,-76.92549,299.28,0.61,0.54,2023-01-08,0614,N,nominal,2.0NRT,288.3,1.08,N
21.10838,-78.34593,305.26,0.38,0.59,2023-01-08,0614,N,nominal,2.0NRT,289.26,0.72,N
21.10802,-78.34222,311.47,0.38,0.59,2023-01-08,0614,N,nominal,2.0NRT,289.55,0.72,N
20.47826,-76.06133,307.38,0.53,0.5,2023-01-08,0614,N,nominal,2.0NRT,289.57,1.59,N
20.47362,-76.06194,312.96,0.53,0.5,2023-01-08,0614,N,nominal,2.0NRT,288.46,2.1,N
19.91035,-77.35456,309.25,0.63,0.54,2023-01-08,0614,N,nominal,2.0NRT,290.32,1.84,N
18.42212,-70.02261,303.58,0.39,0.36,2023-01-08,0614,N,nominal,2.0NRT,290.46,0.47,N
18.34529,-70.11797,306.18,0.39,0.36,2023-01-08,0614,N,nominal,2.0NRT,290.18,0.67,N
18.39063,-71.26496,313.52,0.42,0.37,2023-01-08,0614,N,nominal,2.0NRT,290.87,1.36,N
18.38718,-71.26551,338.18,0.42,0.37,2023-01-08,0614,N,nominal,2.0NRT,292,5,N
18.38661,-71.26157,329.15,0.42,0.37,2023-01-08,0614,N,nominal,2.0NRT,291.24,5,N
17.99579,-76.53734,301.65,0.53,0.5,2023-01-08,0614,N,nominal,2.0NRT,288.96,0.78,N
17.99248,-76.53638,302.05,0.53,0.5,2023-01-08,0614,N,nominal,2.0NRT,289,0.85,N
40.15399,-74.77261,311.14,0.36,0.57,2023-01-08,0607,N,nominal,2.0NRT,272.08,1.03,N
40.15154,-74.77404,296.14,0.36,0.57,2023-01-08,0607,N,nominal,2.0NRT,270.74,0.83,N
39.58572,-75.63792,295.42,0.4,0.6,2023-01-08,0607,N,nominal,2.0NRT,276.24,0.74,N
38.60345,-77.91645,306.9,0.52,0.67,2023-01-08,0607,N,nominal,2.0NRT,269.35,1.32,N
38.59967,-77.91207,296.32,0.52,0.67,2023-01-08,0607,N,nominal,2.0NRT,267.11,1.7,N
36.35569,-76.80732,367,0.43,0.62,2023-01-08,0609,N,high,2.0NRT,275.3,3.78,N
36.35595,-76.81229,295.61,0.43,0.62,2023-01-08,0609,N,nominal,2.0NRT,275.99,3.78,N
33.01722,-79.88789,302.15,0.61,0.71,2023-01-08,0609,N,nominal,2.0NRT,278.01,1.1,N
33.01056,-79.88838,295.79,0.61,0.71,2023-01-08,0609,N,nominal,2.0NRT,278.55,1.61,N
33.01365,-79.88701,313.79,0.61,0.71,2023-01-08,0609,N,nominal,2.0NRT,278.55,2.87,N
30.28098,-81.98035,296.91,0.77,0.77,2023-01-08,0612,N,nominal,2.0NRT,279.52,1.01,N
30.17971,-82.02385,295.98,0.77,0.78,2023-01-08,0612,N,nominal,2.0NRT,277.54,0.66,N
47.44165,-103.06568,299.12,0.56,0.69,2023-01-08,0748,N,nominal,2.0NRT,265.3,1.47,N
42.49451,-73.81705,298.44,0.41,0.61,2023-01-08,0748,N,nominal,2.0NRT,268.35,0.66,N
42.04987,-73.97684,307.32,0.42,0.61,2023-01-08,0748,N,nominal,2.0NRT,270.01,1.05,N
40.63415,-74.22079,296.46,0.44,0.63,2023-01-08,0748,N,nominal,2.0NRT,276.07,1.49,N
40.15219,-74.77025,308.27,0.43,0.62,2023-01-08,0748,N,nominal,2.0NRT,270.51,0.93,N
40.15631,-74.7691,296.58,0.43,0.62,2023-01-08,0748,N,nominal,2.0NRT,271.01,0.43,N
39.58626,-75.63566,298.48,0.4,0.6,2023-01-08,0750,N,nominal,2.0NRT,276.47,1.47,N
39.56224,-77.16983,301.86,0.34,0.56,2023-01-08,0750,N,nominal,2.0NRT,272.69,0.92,N
41.64271,-87.13779,329.75,0.39,0.36,2023-01-08,0750,N,nominal,2.0NRT,277.78,3.49,N
41.64347,-87.14238,316.89,0.39,0.36,2023-01-08,0750,N,nominal,2.0NRT,272.62,5.44,N
41.64195,-87.13319,297.88,0.39,0.36,2023-01-08,0750,N,nominal,2.0NRT,270.74,3.49,N
41.63943,-87.13876,320.55,0.39,0.36,2023-01-08,0750,N,nominal,2.0NRT,269.81,1.54,N
41.64018,-87.14334,317.59,0.39,0.36,2023-01-08,0750,N,nominal,2.0NRT,271.19,2.12,N
41.63867,-87.13416,308.64,0.39,0.36,2023-01-08,0750,N,nominal,2.0NRT,270.2,1.54,N
41.63614,-87.13972,321.8,0.39,0.36,2023-01-08,0750,N,nominal,2.0NRT,273.83,1.54,N
41.68266,-87.42401,311.82,0.39,0.36,2023-01-08,0750,N,nominal,2.0NRT,274.5,1.22,N
41.68192,-87.41943,300.06,0.39,0.36,2023-01-08,0750,N,nominal,2.0NRT,276,1.22,N
41.6369,-87.14431,317.93,0.39,0.36,2023-01-08,0750,N,nominal,2.0NRT,269.43,2.12,N
41.63538,-87.13512,299.17,0.39,0.36,2023-01-08,0750,N,nominal,2.0NRT,270.18,1.54,N
41.67864,-87.42039,303.72,0.39,0.36,2023-01-08,0750,N,nominal,2.0NRT,276.98,1.16,N
41.62628,-87.14261,302.99,0.39,0.36,2023-01-08,0750,N,nominal,2.0NRT,272.95,0.6,N
41.64021,-87.40937,330.34,0.39,0.36,2023-01-08,0750,N,nominal,2.0NRT,275.38,3.28,N
41.62352,-87.32789,298.15,0.39,0.36,2023-01-08,0750,N,nominal,2.0NRT,270.02,1.32,N
41.62024,-87.32884,313.93,0.39,0.36,2023-01-08,0750,N,nominal,2.0NRT,272.36,1.32,N
41.61695,-87.3298,306.71,0.39,0.36,2023-01-08,0750,N,nominal,2.0NRT,270.93,1.5,N
41.61621,-87.3252,296.27,0.39,0.36,2023-01-08,0750,N,nominal,2.0NRT,271.11,1.21,N
41.61292,-87.32616,325.54,0.39,0.36,2023-01-08,0750,N,nominal,2.0NRT,272.84,1.21,N
41.61367,-87.33074,303.69,0.39,0.36,2023-01-08,0750,N,nominal,2.0NRT,271.47,1.5,N
41.61039,-87.3317,298.86,0.39,0.36,2023-01-08,0750,N,nominal,2.0NRT,270.57,0.84,N
41.12033,-85.35217,326.72,0.42,0.37,2023-01-08,0750,N,nominal,2.0NRT,273.34,2.87,N
40.56966,-83.13634,301.25,0.5,0.41,2023-01-08,0750,N,nominal,2.0NRT,268.29,0.7,N
42.45052,-99.18111,347.96,0.34,0.56,2023-01-08,0750,N,nominal,2.0NRT,263.83,5.24,N
40.93567,-87.33492,304.61,0.39,0.36,2023-01-08,0750,N,nominal,2.0NRT,269.74,0.73,N
40.92655,-87.34229,296.86,0.39,0.36,2023-01-08,0750,N,nominal,2.0NRT,269.96,0.56,N
40.73413,-86.43375,312.7,0.4,0.37,2023-01-08,0750,N,nominal,2.0NRT,272.73,1.69,N
38.60307,-77.91209,296.31,0.33,0.55,2023-01-08,0750,N,nominal,2.0NRT,268.67,0.41,N
36.354,-76.80832,312.69,0.43,0.62,2023-01-08,0750,N,nominal,2.0NRT,271.93,1.62,N
36.35775,-76.80831,302.58,0.43,0.62,2023-01-08,0750,N,nominal,2.0NRT,271.75,1.72,N
36.35649,-76.80368,300.7,0.43,0.62,2023-01-08,0750,N,nominal,2.0NRT,271.22,1.27,N
37.67401,-95.59765,298.77,0.39,0.44,2023-01-08,0750,N,nominal,2.0NRT,268.04,0.88,N
37.05138,-95.60786,297.77,0.39,0.44,2023-01-08,0750,N,nominal,2.0NRT,275.39,1.25,N
36.51771,-97.84245,311.31,0.5,0.49,2023-01-08,0750,N,nominal,2.0NRT,268.8,2.25,N
35.90805,-92.81404,302.41,0.43,0.38,2023-01-08,0750,N,nominal,2.0NRT,275.38,0.94,N
33.01538,-79.88422,307.53,0.35,0.57,2023-01-08,0752,N,nominal,2.0NRT,279.08,0.84,N
35.16795,-92.54543,347.05,0.42,0.37,2023-01-08,0752,N,nominal,2.0NRT,282.22,6.62,N
35.16857,-92.55,304.03,0.42,0.37,2023-01-08,0752,N,nominal,2.0NRT,277.98,2.21,N
33.06023,-82.84771,301.1,0.49,0.48,2023-01-08,0752,N,nominal,2.0NRT,278.19,0.6,N
33.28572,-84.17851,298.47,0.41,0.45,2023-01-08,0752,N,nominal,2.0NRT,276.6,0.7,N
34.68684,-92.48661,297.84,0.41,0.37,2023-01-08,0752,N,nominal,2.0NRT,278.08,0.66,N
34.94209,-96.68984,300.72,0.42,0.45,2023-01-08,0752,N,nominal,2.0NRT,272.46,0.84,N
34.94162,-96.68528,298.37,0.41,0.45,2023-01-08,0752,N,nominal,2.0NRT,272.11,0.84,N
34.41006,-92.79964,298.9,0.42,0.38,2023-01-08,0752,N,nominal,2.0NRT,279.54,0.62,N
33.10462,-86.79904,295.71,0.47,0.39,2023-01-08,0752,N,nominal,2.0NRT,267.16,0.58,N
33.09031,-86.80286,303.19,0.47,0.39,2023-01-08,0752,N,nominal,2.0NRT,269.46,0.94,N
32.68024,-86.29078,296.7,0.5,0.41,2023-01-08,0752,N,nominal,2.0NRT,278.73,0.47,N
34.05537,-95.83667,296.19,0.55,0.43,2023-01-08,0752,N,nominal,2.0NRT,263.89,0.79,N
32.178,-85.02616,302.57,0.39,0.44,2023-01-08,0752,N,nominal,2.0NRT,284.06,0.63,N
32.00967,-84.32204,315.32,0.42,0.45,2023-01-08,0752,N,nominal,2.0NRT,277.72,0.95,N
33.86496,-101.84218,295.54,0.39,0.6,2023-01-08,0752,N,nominal,2.0NRT,270.1,0.72,N
31.5835,-87.49199,296.35,0.46,0.39,2023-01-08,0752,N,nominal,2.0NRT,284.19,0.62,N
31.03183,-84.74615,312.41,0.42,0.45,2023-01-08,0752,N,nominal,2.0NRT,278.65,1.15,N
31.52132,-87.51799,295.51,0.46,0.39,2023-01-08,0752,N,nominal,2.0NRT,283.95,1.03,N
30.28115,-81.97758,297.97,0.62,0.54,2023-01-08,0752,N,nominal,2.0NRT,279.54,0.94,N
30.18163,-82.02207,297.31,0.62,0.54,2023-01-08,0752,N,nominal,2.0NRT,277.01,0.45,N
31.16317,-87.98278,306.76,0.44,0.39,2023-01-08,0752,N,nominal,2.0NRT,284.86,1.46,N
31.15016,-87.98908,315.8,0.44,0.39,2023-01-08,0752,N,nominal,2.0NRT,284.96,2.05,N
31.14932,-87.98447,310.71,0.44,0.39,2023-01-08,0752,N,nominal,2.0NRT,285.74,1.2,N
32.4592,-97.03819,296.13,0.41,0.45,2023-01-08,0752,N,nominal,2.0NRT,268.72,0.45,N
32.45555,-97.04317,297.57,0.41,0.45,2023-01-08,0752,N,nominal,2.0NRT,267.97,1.06,N
30.94553,-88.00793,318.8,0.44,0.39,2023-01-08,0752,N,nominal,2.0NRT,283.91,1.85,N
30.94287,-88.0134,307.66,0.44,0.39,2023-01-08,0752,N,nominal,2.0NRT,284.69,3.36,N
30.93936,-88.01427,333.59,0.44,0.39,2023-01-08,0752,N,nominal,2.0NRT,286.4,3.36,N
30.94316,-88.01074,301.74,0.44,0.39,2023-01-08,0752,N,nominal,2.0NRT,284.46,2.29,N
30.93964,-88.01161,327.54,0.44,0.39,2023-01-08,0752,N,nominal,2.0NRT,286.37,2.29,N
30.94047,-88.01623,303.46,0.44,0.39,2023-01-08,0752,N,nominal,2.0NRT,282.52,2.98,N
32.24526,-97.55045,309.94,0.43,0.46,2023-01-08,0752,N,nominal,2.0NRT,277.47,1.01,N
32.45216,-101.30272,299.84,0.36,0.57,2023-01-08,0752,N,nominal,2.0NRT,275.01,0.8,N
32.45118,-101.36437,315.44,0.36,0.57,2023-01-08,0752,N,nominal,2.0NRT,274.01,0.96,N
32.41396,-101.64031,351.13,0.37,0.58,2023-01-08,0752,N,nominal,2.0NRT,278.09,3.91,N
32.40854,-101.64091,299.93,0.37,0.58,2023-01-08,0752,N,nominal,2.0NRT,274.29,0.94,N
32.38947,-101.60245,304.68,0.37,0.58,2023-01-08,0752,N,nominal,2.0NRT,274.21,0.42,N
32.3767,-101.57545,308.99,0.37,0.58,2023-01-08,0752,N,nominal,2.0NRT,275.29,0.96,N
32.36331,-101.61754,347.47,0.37,0.58,2023-01-08,0752,N,nominal,2.0NRT,278.48,3.82,N
32.35391,-101.72034,332.58,0.38,0.58,2023-01-08,0752,N,nominal,2.0NRT,274.9,1.78,N
32.3532,-101.72209,299.78,0.38,0.58,2023-01-08,0752,N,nominal,2.0NRT,273.3,1.14,N
32.3529,-101.71801,302.65,0.38,0.58,2023-01-08,0752,N,nominal,2.0NRT,274.48,0.89,N
30.61517,-88.20889,302.88,0.44,0.38,2023-01-08,0752,N,nominal,2.0NRT,281.71,0.57,N
32.32755,-101.82343,338.69,0.38,0.59,2023-01-08,0752,N,nominal,2.0NRT,276.74,3.23,N
32.27654,-102.05154,320.95,0.39,0.59,2023-01-08,0752,N,nominal,2.0NRT,274.38,1.23,N
30.49314,-87.86656,298.45,0.46,0.39,2023-01-08,0752,N,nominal,2.0NRT,282,0.7,N
32.27711,-102.04944,302.03,0.39,0.59,2023-01-08,0752,N,nominal,2.0NRT,273.84,0.87,N
32.35502,-103.41074,312.04,0.47,0.64,2023-01-08,0752,N,nominal,2.0NRT,273.23,1.04,N
32.22304,-101.75832,301.84,0.38,0.58,2023-01-08,0752,N,nominal,2.0NRT,275.43,1.03,N
32.05156,-100.68687,300.23,0.32,0.55,2023-01-08,0752,N,nominal,2.0NRT,273.84,1.25,N
32.04647,-100.68751,320.46,0.32,0.55,2023-01-08,0752,N,nominal,2.0NRT,273.67,1.25,N
32.15992,-102.5239,298.13,0.42,0.61,2023-01-08,0752,N,nominal,2.0NRT,272.78,0.51,N
32.19371,-103.46078,310.13,0.47,0.64,2023-01-08,0752,N,nominal,2.0NRT,272.97,1.03,N
31.70814,-97.59339,300.27,0.43,0.46,2023-01-08,0752,N,nominal,2.0NRT,278.58,0.74,N
30.34164,-88.48943,303.15,0.43,0.38,2023-01-08,0752,N,nominal,2.0NRT,290.57,1.51,N
30.34084,-88.48495,300.77,0.43,0.38,2023-01-08,0752,N,nominal,2.0NRT,290.59,2.08,N
32.06168,-103.61577,306.47,0.48,0.65,2023-01-08,0752,N,nominal,2.0NRT,274.52,0.96,N
31.94782,-101.762,295.78,0.37,0.58,2023-01-08,0752,N,nominal,2.0NRT,275.44,0.41,N
31.94703,-101.76164,295.32,0.37,0.58,2023-01-08,0752,N,nominal,2.0NRT,274.91,0.4,N
32.0612,-103.61818,308.22,0.48,0.65,2023-01-08,0752,N,nominal,2.0NRT,274.8,1.09,N
28.7911,-81.51948,303.34,0.36,0.57,2023-01-08,0752,N,nominal,2.0NRT,279.2,0.58,N
31.96743,-102.60194,319.39,0.42,0.61,2023-01-08,0752,N,nominal,2.0NRT,275.04,1.53,N
31.96173,-102.60251,323.76,0.42,0.61,2023-01-08,0752,N,nominal,2.0NRT,274.86,2.33,N
31.48304,-97.24245,298.46,0.4,0.45,2023-01-08,0752,N,nominal,2.0NRT,280,1.01,N
31.86189,-101.79473,315.2,0.38,0.58,2023-01-08,0752,N,nominal,2.0NRT,274.58,1,N
30.50653,-90.64256,296.18,0.39,0.36,2023-01-08,0752,N,nominal,2.0NRT,283.26,0.36,N
30.58232,-91.24136,309.77,0.38,0.36,2023-01-08,0752,N,nominal,2.0NRT,271.07,1.52,N
31.92,-104.05476,297.74,0.51,0.66,2023-01-08,0752,N,nominal,2.0NRT,273.69,1.01,N
30.56015,-91.20903,296.42,0.38,0.36,2023-01-08,0752,N,nominal,2.0NRT,277.1,0.69,N
28.70168,-82.02319,330.41,0.34,0.56,2023-01-08,0752,N,nominal,2.0NRT,279.9,1.44,N
28.70087,-82.01979,324.05,0.34,0.56,2023-01-08,0752,N,nominal,2.0NRT,279.75,1.44,N
28.69585,-82.02133,296.51,0.34,0.56,2023-01-08,0752,N,nominal,2.0NRT,278.46,1.44,N
30.48449,-91.17844,300.77,0.38,0.36,2023-01-08,0752,N,nominal,2.0NRT,285.89,0.69,N
30.48386,-91.17445,298.28,0.38,0.36,2023-01-08,0752,N,nominal,2.0NRT,284.68,0.69,N
28.69996,-82.02307,336.41,0.34,0.56,2023-01-08,0752,N,nominal,2.0NRT,279.78,2.09,N
28.69917,-82.01966,325.41,0.34,0.56,2023-01-08,0752,N,nominal,2.0NRT,279.53,2.09,N
30.48183,-91.18312,296.93,0.38,0.36,2023-01-08,0752,N,nominal,2.0NRT,284.27,0.95,N
30.47573,-91.20908,296.14,0.38,0.36,2023-01-08,0752,N,nominal,2.0NRT,284.09,0.58,N
30.06454,-90.59736,297.94,0.39,0.36,2023-01-08,0752,N,nominal,2.0NRT,284.2,1.4,N
30.06123,-90.59808,302.49,0.39,0.36,2023-01-08,0752,N,nominal,2.0NRT,286.41,1.3,N
30.06179,-90.66428,307.36,0.39,0.36,2023-01-08,0752,N,nominal,2.0NRT,283.46,0.83,N
30.05129,-90.60024,298.8,0.39,0.36,2023-01-08,0752,N,nominal,2.0NRT,282.66,0.58,N
31.4863,-103.18289,297.3,0.45,0.63,2023-01-08,0752,N,nominal,2.0NRT,275.26,0.45,N
30.05583,-90.6697,296.57,0.39,0.36,2023-01-08,0752,N,nominal,2.0NRT,281.72,0.8,N
30.05252,-90.67042,299.35,0.39,0.36,2023-01-08,0752,N,nominal,2.0NRT,279.85,0.44,N
29.9367,-89.97534,302.56,0.4,0.37,2023-01-08,0752,N,nominal,2.0NRT,287.45,1,N
29.93114,-89.94256,300.53,0.4,0.37,2023-01-08,0752,N,nominal,2.0NRT,288.63,0.72,N
29.93335,-89.97609,304.87,0.4,0.37,2023-01-08,0752,N,nominal,2.0NRT,287.12,1,N
29.93265,-89.972,303.36,0.4,0.37,2023-01-08,0752,N,nominal,2.0NRT,290.13,1.11,N
30.0022,-90.4071,329.02,0.39,0.36,2023-01-08,0752,N,nominal,2.0NRT,289.81,3.61,N
30.00153,-90.40307,330.21,0.39,0.36,2023-01-08,0752,N,nominal,2.0NRT,293.15,2.22,N
30.00086,-90.39903,308.6,0.39,0.36,2023-01-08,0752,N,nominal,2.0NRT,291.42,2.22,N
29.99888,-90.40783,321.61,0.39,0.36,2023-01-08,0752,N,nominal,2.0NRT,286.32,3.61,N
29.99821,-90.40379,329.55,0.39,0.36,2023-01-08,0752,N,nominal,2.0NRT,287.66,2.22,N
29.99754,-90.39977,299.35,0.39,0.36,2023-01-08,0752,N,nominal,2.0NRT,289.35,2.22,N
29.99687,-90.39574,305.61,0.39,0.36,2023-01-08,0752,N,nominal,2.0NRT,291.14,1.91,N
31.34105,-101.58018,308.72,0.36,0.57,2023-01-08,0752,N,nominal,2.0NRT,276.16,0.62,N
29.99556,-90.40855,302.88,0.39,0.36,2023-01-08,0752,N,nominal,2.0NRT,285.43,0.52,N
31.2544,-103.91183,295.61,0.49,0.65,2023-01-08,0752,N,nominal,2.0NRT,274.04,0.51,N
29.68621,-91.47415,296.77,0.38,0.36,2023-01-08,0752,N,nominal,2.0NRT,284.65,0.6,N
30.26657,-95.76997,295.38,0.5,0.41,2023-01-08,0752,N,nominal,2.0NRT,282.69,0.64,N
30.80457,-102.74003,295.74,0.42,0.61,2023-01-08,0752,N,nominal,2.0NRT,276.69,0.32,N
27.0295,-103.37308,295.72,0.42,0.61,2023-01-08,0754,N,nominal,2.0NRT,282.78,0.83,N
23.15002,-81.88078,306.75,0.45,0.63,2023-01-08,0754,N,nominal,2.0NRT,291.53,0.94,N
25.93011,-98.01927,326.88,0.38,0.43,2023-01-08,0754,N,nominal,2.0NRT,291.96,2.82,N
22.13218,-78.34548,306.8,0.78,0.78,2023-01-08,0754,N,nominal,2.0NRT,288.36,1.74,N
22.12963,-78.34341,304.46,0.78,0.78,2023-01-08,0754,N,nominal,2.0NRT,288.24,2.18,N
25.75037,-103.59379,300.53,0.42,0.61,2023-01-08,0754,N,nominal,2.0NRT,277.5,0.51,N
25.64049,-103.4359,301.32,0.41,0.6,2023-01-08,0754,N,nominal,2.0NRT,281.48,0.73,N
25.64266,-103.436,297.4,0.41,0.6,2023-01-08,0754,N,nominal,2.0NRT,280.93,0.5,N
22.37251,-83.27607,300.34,0.38,0.59,2023-01-08,0754,N,nominal,2.0NRT,289.76,0.37,N
22.36715,-83.27747,312.06,0.38,0.59,2023-01-08,0754,N,nominal,2.0NRT,290.54,0.81,N
22.36263,-83.2826,310.47,0.38,0.59,2023-01-08,0754,N,nominal,2.0NRT,289.99,0.81,N
22.36179,-83.27888,301.9,0.38,0.59,2023-01-08,0754,N,nominal,2.0NRT,289.96,0.81,N
22.35108,-83.28172,300.71,0.38,0.59,2023-01-08,0754,N,nominal,2.0NRT,290.13,1.31,N
22.35024,-83.278,310.41,0.38,0.59,2023-01-08,0754,N,nominal,2.0NRT,290.14,1,N
22.34656,-83.28685,303.79,0.38,0.59,2023-01-08,0754,N,nominal,2.0NRT,290.28,0.9,N
23.37109,-104.84908,308.29,0.48,0.64,2023-01-08,0754,N,nominal,2.0NRT,274.85,1.57,N
23.37069,-104.84417,304.15,0.48,0.64,2023-01-08,0754,N,nominal,2.0NRT,275.19,1.57,N
22.26544,-97.80971,306.52,0.51,0.41,2023-01-08,0756,N,nominal,2.0NRT,293.29,3.07,N
22.26478,-97.80476,302.87,0.51,0.41,2023-01-08,0756,N,nominal,2.0NRT,291.93,1.18,N
20.94593,-89.66354,312.1,0.51,0.41,2023-01-08,0756,N,nominal,2.0NRT,293.29,2,N
19.59302,-92.20309,322.28,0.41,0.37,2023-01-08,0756,N,nominal,2.0NRT,294.77,1.51,N
19.5896,-92.20373,310.66,0.41,0.37,2023-01-08,0756,N,nominal,2.0NRT,294,1.51,N
19.60115,-92.29398,334.67,0.41,0.37,2023-01-08,0756,N,nominal,2.0NRT,294.25,6.25,N
19.56519,-92.18412,311.61,0.41,0.37,2023-01-08,0756,N,nominal,2.0NRT,294.14,1.82,N
19.17951,-89.9862,300.8,0.52,0.41,2023-01-08,0756,N,nominal,2.0NRT,289.58,0.74,N
19.56689,-92.23619,332.28,0.41,0.37,2023-01-08,0756,N,nominal,2.0NRT,296.64,5.37,N
19.51823,-92.15657,328.07,0.41,0.37,2023-01-08,0756,N,nominal,2.0NRT,295.23,4.08,N
19.44198,-92.03573,325.73,0.42,0.38,2023-01-08,0756,N,nominal,2.0NRT,295.06,2.2,N
19.43855,-92.03638,326.3,0.42,0.38,2023-01-08,0756,N,nominal,2.0NRT,294.98,2.2,N
19.42805,-92.07917,329.86,0.42,0.37,2023-01-08,0756,N,nominal,2.0NRT,294.44,3.57,N
19.42462,-92.07982,330.84,0.42,0.37,2023-01-08,0756,N,nominal,2.0NRT,295.27,3.57,N
18.78526,-88.52722,311.31,0.42,0.45,2023-01-08,0756,N,nominal,2.0NRT,288.09,1.3,N
18.78111,-88.52811,305.18,0.42,0.45,2023-01-08,0756,N,nominal,2.0NRT,287.69,1.3,N
19.39731,-92.04416,331.05,0.42,0.38,2023-01-08,0756,N,nominal,2.0NRT,295.15,3.55,N
19.39664,-92.04021,314.15,0.42,0.38,2023-01-08,0756,N,nominal,2.0NRT,294.49,1.96,N
19.39388,-92.04481,331.52,0.42,0.38,2023-01-08,0756,N,nominal,2.0NRT,296.09,6.83,N
19.3932,-92.04086,306.23,0.42,0.38,2023-01-08,0756,N,nominal,2.0NRT,294.5,2.6,N
20.58262,-101.17538,307.35,0.51,0.49,2023-01-08,0756,N,nominal,2.0NRT,285.11,1.65,N
20.58205,-101.17044,299.25,0.51,0.49,2023-01-08,0756,N,nominal,2.0NRT,281.54,1.65,N
20.57804,-101.17599,310.31,0.51,0.49,2023-01-08,0756,N,nominal,2.0NRT,282.54,2.72,N
20.57748,-101.17105,317.38,0.51,0.49,2023-01-08,0756,N,nominal,2.0NRT,281,2.72,N
19.33539,-92.4023,311.78,0.41,0.37,2023-01-08,0756,N,nominal,2.0NRT,293.88,1.72,N
19.30115,-92.19992,312.69,0.41,0.37,2023-01-08,0756,N,nominal,2.0NRT,294.2,1.48,N
19.29239,-92.16917,332.27,0.42,0.37,2023-01-08,0756,N,nominal,2.0NRT,296,11.16,N
20.5267,-100.92661,305.94,0.49,0.49,2023-01-08,0756,N,nominal,2.0NRT,281.52,2.68,N
20.52221,-100.92722,304.27,0.49,0.49,2023-01-08,0756,N,nominal,2.0NRT,283.94,2.67,N
20.52442,-100.924,318.89,0.49,0.49,2023-01-08,0756,N,nominal,2.0NRT,284.94,3.24,N
20.52954,-101.1591,297.15,0.51,0.49,2023-01-08,0756,N,nominal,2.0NRT,277.45,0.51,N
20.35738,-100.57523,312.71,0.47,0.47,2023-01-08,0756,N,nominal,2.0NRT,275.47,1.91,N
20.60525,-103.15308,299.15,0.34,0.56,2023-01-08,0756,N,nominal,2.0NRT,279.81,0.67,N
20.05124,-99.29032,315.92,0.39,0.44,2023-01-08,0756,N,nominal,2.0NRT,281.57,1.96,N
20.05029,-99.28288,295.24,0.39,0.44,2023-01-08,0756,N,nominal,2.0NRT,284.86,1.71,N
20.04982,-99.27916,304.01,0.39,0.44,2023-01-08,0756,N,nominal,2.0NRT,286.32,1.98,N
20.04722,-99.29086,319.16,0.39,0.44,2023-01-08,0756,N,nominal,2.0NRT,280.59,2.81,N
20.03281,-99.27383,302.2,0.39,0.44,2023-01-08,0756,N,nominal,2.0NRT,279.17,1.11,N
20.32173,-101.91597,298.34,0.57,0.52,2023-01-08,0756,N,nominal,2.0NRT,276.77,1.1,N
20.0417,-99.54217,296.7,0.4,0.44,2023-01-08,0756,N,nominal,2.0NRT,273.09,0.51,N
20.24369,-101.2953,326.32,0.52,0.5,2023-01-08,0756,N,nominal,2.0NRT,280.06,2.9,N
20.24425,-101.30029,297.81,0.52,0.5,2023-01-08,0756,N,nominal,2.0NRT,278.15,2.9,N
19.99614,-99.20905,302.7,0.57,0.43,2023-01-08,0756,N,nominal,2.0NRT,279.83,1.59,N
19.99503,-99.21121,304.61,0.57,0.43,2023-01-08,0756,N,nominal,2.0NRT,277.86,1.57,N
20.32194,-101.91269,297.1,0.57,0.52,2023-01-08,0756,N,nominal,2.0NRT,277.39,0.77,N
20.24469,-101.29783,326.59,0.52,0.5,2023-01-08,0756,N,nominal,2.0NRT,279.27,3.84,N
20.24011,-101.29853,303.49,0.52,0.5,2023-01-08,0756,N,nominal,2.0NRT,278.34,1.36,N
20.30823,-101.92002,300.79,0.57,0.52,2023-01-08,0756,N,nominal,2.0NRT,276.4,1.04,N
20.29866,-101.92124,302.69,0.57,0.52,2023-01-08,0756,N,nominal,2.0NRT,277.74,1.35,N
20.45123,-103.40185,298,0.35,0.57,2023-01-08,0756,N,nominal,2.0NRT,279.46,0.56,N
20.45087,-103.39841,296.67,0.35,0.57,2023-01-08,0756,N,nominal,2.0NRT,280.47,0.56,N
20.44595,-103.40255,297.37,0.35,0.57,2023-01-08,0756,N,nominal,2.0NRT,279.22,0.6,N
20.44559,-103.39911,303.38,0.35,0.57,2023-01-08,0756,N,nominal,2.0NRT,279.53,0.6,N
18.86789,-92.62411,318.62,0.41,0.37,2023-01-08,0756,N,nominal,2.0NRT,293.33,1.04,N
19.74708,-98.60224,299.96,0.53,0.42,2023-01-08,0756,N,nominal,2.0NRT,274.05,1.66,N
18.64435,-92.17068,344.45,0.42,0.38,2023-01-08,0756,N,nominal,2.0NRT,294.02,6.22,N
19.64028,-98.96992,297.46,0.55,0.43,2023-01-08,0756,N,nominal,2.0NRT,275.91,1.05,N
19.18022,-96.23732,323.94,0.41,0.37,2023-01-08,0756,N,nominal,2.0NRT,292.81,1.97,N
19.76083,-101.16925,323.03,0.5,0.49,2023-01-08,0756,N,nominal,2.0NRT,280.23,4.73,N
18.51815,-93.36713,316.46,0.39,0.36,2023-01-08,0756,N,nominal,2.0NRT,292.78,0.65,N
18.48717,-93.34602,322.42,0.39,0.36,2023-01-08,0756,N,nominal,2.0NRT,293.01,1.9,N
18.3944,-92.83009,312,0.4,0.37,2023-01-08,0756,N,nominal,2.0NRT,291.15,0.97,N
18.39375,-92.82629,305.8,0.4,0.37,2023-01-08,0756,N,nominal,2.0NRT,290.56,0.61,N
18.39386,-92.82922,329.19,0.4,0.37,2023-01-08,0756,N,nominal,2.0NRT,291.36,2.08,N
18.44163,-93.16201,305.9,0.4,0.37,2023-01-08,0756,N,nominal,2.0NRT,292.43,1.27,N
18.43888,-93.16636,319.78,0.4,0.37,2023-01-08,0756,N,nominal,2.0NRT,292.83,1.27,N
19.26048,-98.95393,305.07,0.54,0.42,2023-01-08,0756,N,nominal,2.0NRT,274.81,1.13,N
19.17584,-98.32117,307.6,0.5,0.41,2023-01-08,0756,N,nominal,2.0NRT,274.86,1.35,N
19.1721,-98.32173,299.69,0.5,0.41,2023-01-08,0756,N,nominal,2.0NRT,277.47,1.35,N
18.3866,-93.30993,312.91,0.39,0.36,2023-01-08,0756,N,nominal,2.0NRT,292.12,1.02,N
18.83118,-96.39805,318.17,0.41,0.37,2023-01-08,0756,N,nominal,2.0NRT,290.76,1.42,N
19.6751,-103.37749,308.67,0.35,0.56,2023-01-08,0756,N,nominal,2.0NRT,287.29,1.81,N
19.67478,-103.3744,301.23,0.35,0.56,2023-01-08,0756,N,nominal,2.0NRT,285.67,1.29,N
19.02445,-98.62166,342.45,0.52,0.41,2023-01-08,0756,N,nominal,2.0NRT,287.83,8.45,N
19.02065,-98.62209,307.45,0.52,0.41,2023-01-08,0756,N,nominal,2.0NRT,266.47,8.45,N
18.86952,-97.66135,296.35,0.46,0.39,2023-01-08,0756,N,nominal,2.0NRT,279.42,0.92,N
18.22098,-93.89389,315.47,0.39,0.36,2023-01-08,0756,N,nominal,2.0NRT,291.8,0.89,N
18.21767,-93.89448,309.42,0.39,0.36,2023-01-08,0756,N,nominal,2.0NRT,291.49,0.89,N
18.20477,-94.00522,325.28,0.39,0.36,2023-01-08,0756,N,nominal,2.0NRT,293.08,4.93,N
18.20535,-94.00885,306.29,0.39,0.36,2023-01-08,0756,N,nominal,2.0NRT,290.76,4.93,N
18.20145,-94.0058,330.34,0.39,0.36,2023-01-08,0756,N,nominal,2.0NRT,290.99,4.93,N
18.50771,-96.14506,342.47,0.4,0.37,2023-01-08,0756,N,nominal,2.0NRT,298.41,12.02,N
18.92946,-99.25738,303.32,0.56,0.43,2023-01-08,0756,N,nominal,2.0NRT,286.52,0.57,N
17.89687,-92.4923,329.53,0.42,0.37,2023-01-08,0756,N,nominal,2.0NRT,292.74,6.71,N
17.89622,-92.4884,313.21,0.42,0.37,2023-01-08,0756,N,nominal,2.0NRT,291.82,6.71,N
17.89344,-92.49294,306.38,0.42,0.37,2023-01-08,0756,N,nominal,2.0NRT,290.35,6.71,N
17.89279,-92.48903,305.45,0.42,0.37,2023-01-08,0756,N,nominal,2.0NRT,290.42,6.71,N
17.87906,-92.49158,303.3,0.42,0.37,2023-01-08,0756,N,nominal,2.0NRT,290.28,0.82,N
17.87841,-92.48766,310.83,0.42,0.37,2023-01-08,0756,N,nominal,2.0NRT,290.42,0.74,N
18.09678,-93.96385,300.82,0.39,0.36,2023-01-08,0756,N,nominal,2.0NRT,290.24,0.45,N
18.13181,-94.20386,324.52,0.38,0.36,2023-01-08,0756,N,nominal,2.0NRT,291.06,2.07,N
18.13123,-94.20023,321.15,0.38,0.36,2023-01-08,0756,N,nominal,2.0NRT,291.12,1.46,N
18.00695,-93.45233,303.32,0.39,0.36,2023-01-08,0756,N,nominal,2.0NRT,290.24,0.52,N
18.09304,-94.04668,327.3,0.39,0.36,2023-01-08,0756,N,nominal,2.0NRT,295.29,28,N
18.10349,-94.34637,321.72,0.38,0.36,2023-01-08,0756,N,nominal,2.0NRT,291.49,2.2,N
18.11152,-94.39697,314.03,0.38,0.36,2023-01-08,0756,N,nominal,2.0NRT,291.45,0.91,N
18.10018,-94.34694,331.51,0.38,0.36,2023-01-08,0756,N,nominal,2.0NRT,292.23,2.2,N
18.03216,-93.92286,330.12,0.39,0.36,2023-01-08,0756,N,nominal,2.0NRT,292.4,7.93,N
18.10822,-94.39754,309.34,0.38,0.36,2023-01-08,0756,N,nominal,2.0NRT,291.46,0.91,N
18.02939,-93.92296,311.03,0.39,0.36,2023-01-08,0756,N,nominal,2.0NRT,290.17,1.46,N
17.90256,-93.1834,321.98,0.4,0.37,2023-01-08,0756,N,nominal,2.0NRT,282.79,1.22,N
17.90195,-93.17965,302,0.4,0.37,2023-01-08,0756,N,nominal,2.0NRT,283.41,1.22,N
17.89919,-93.18401,333.7,0.4,0.37,2023-01-08,0756,N,nominal,2.0NRT,286.82,1.22,N
17.89981,-93.18775,301.75,0.4,0.37,2023-01-08,0756,N,nominal,2.0NRT,286.93,1.16,N
17.89858,-93.18025,302.32,0.4,0.37,2023-01-08,0756,N,nominal,2.0NRT,283.14,1.22,N
17.89583,-93.18461,306.26,0.4,0.37,2023-01-08,0756,N,nominal,2.0NRT,284.24,1.71,N
17.89522,-93.18086,298.94,0.4,0.37,2023-01-08,0756,N,nominal,2.0NRT,281.05,1.71,N
17.89309,-93.18896,331.47,0.4,0.37,2023-01-08,0756,N,nominal,2.0NRT,290.72,6.88,N
17.89247,-93.18522,342.16,0.4,0.37,2023-01-08,0756,N,nominal,2.0NRT,287.87,1.71,N
17.89034,-93.19332,329.03,0.4,0.37,2023-01-08,0756,N,nominal,2.0NRT,289.91,2.4,N
17.88972,-93.18957,304.18,0.4,0.37,2023-01-08,0756,N,nominal,2.0NRT,289.14,2.4,N
17.9131,-93.52177,344.84,0.39,0.36,2023-01-08,0756,N,nominal,2.0NRT,291.08,5.03,N
17.84582,-93.11251,303.26,0.4,0.37,2023-01-08,0756,N,nominal,2.0NRT,286.77,0.92,N
17.90976,-93.52236,342.76,0.39,0.36,2023-01-08,0756,N,nominal,2.0NRT,290.39,5.77,N
17.8437,-93.12065,345.75,0.4,0.37,2023-01-08,0756,N,nominal,2.0NRT,293.91,3.99,N
17.84307,-93.11688,329.08,0.4,0.37,2023-01-08,0756,N,nominal,2.0NRT,300.17,20.99,N
17.84245,-93.11313,309.45,0.4,0.37,2023-01-08,0756,N,nominal,2.0NRT,288.44,20.99,N
17.84033,-93.12127,330.57,0.4,0.37,2023-01-08,0756,N,nominal,2.0NRT,289.84,3.99,N
17.84095,-93.12502,298.79,0.4,0.37,2023-01-08,0756,N,nominal,2.0NRT,283.95,3.99,N
17.83971,-93.1175,304.13,0.4,0.37,2023-01-08,0756,N,nominal,2.0NRT,289.74,20.99,N
17.98226,-94.11793,301.83,0.39,0.36,2023-01-08,0756,N,nominal,2.0NRT,289.92,0.2,N
17.9247,-93.76139,302.72,0.39,0.36,2023-01-08,0756,N,nominal,2.0NRT,290.34,0.4,N
17.92138,-93.76198,325.48,0.39,0.36,2023-01-08,0756,N,nominal,2.0NRT,291.31,2.63,N
17.92078,-93.75832,326.89,0.39,0.36,2023-01-08,0756,N,nominal,2.0NRT,291.04,1.75,N
17.82929,-93.24284,302.48,0.4,0.37,2023-01-08,0756,N,nominal,2.0NRT,290.36,0.28,N
17.86818,-93.4994,302.58,0.39,0.36,2023-01-08,0756,N,nominal,2.0NRT,290.56,0.41,N
17.98384,-94.52964,329.35,0.38,0.36,2023-01-08,0756,N,nominal,2.0NRT,293.01,1.78,N
17.98327,-94.52603,305.4,0.38,0.36,2023-01-08,0756,N,nominal,2.0NRT,292.22,1.78,N
17.94547,-94.28763,307.82,0.38,0.36,2023-01-08,0756,N,nominal,2.0NRT,290.5,0.61,N
17.97665,-94.52718,312.85,0.38,0.36,2023-01-08,0756,N,nominal,2.0NRT,292.58,1.48,N
17.9722,-94.52053,336,0.38,0.36,2023-01-08,0756,N,nominal,2.0NRT,293.1,3.98,N
17.97163,-94.51691,307.84,0.38,0.36,2023-01-08,0756,N,nominal,2.0NRT,291.67,0.75,N
17.72287,-93.14944,302.35,0.4,0.37,2023-01-08,0756,N,nominal,2.0NRT,288.17,0.62,N
17.59568,-93.29507,321.02,0.4,0.37,2023-01-08,0756,N,nominal,2.0NRT,289.97,2.18,N
17.93477,-102.21558,308.62,0.55,0.51,2023-01-08,0756,N,nominal,2.0NRT,294.22,2.29,N
17.93354,-102.20506,312.6,0.55,0.51,2023-01-08,0756,N,nominal,2.0NRT,293.22,3.16,N
17.92881,-102.20567,316.52,0.55,0.51,2023-01-08,0756,N,nominal,2.0NRT,293.79,3.16,N
17.9282,-102.20042,305.84,0.55,0.51,2023-01-08,0756,N,nominal,2.0NRT,293.36,2.4,N
42.44983,-99.18025,349.07,0.41,0.61,2023-01-08,0930,N,nominal,2.0NRT,265.9,6.34,N
42.45184,-99.17944,335.73,0.41,0.61,2023-01-08,0930,N,nominal,2.0NRT,264.94,7.36,N
45.53489,-117.5335,314.88,0.51,0.41,2023-01-08,0930,N,nominal,2.0NRT,268.19,2.37,N
42.68522,-111.59026,337.88,0.39,0.36,2023-01-08,0930,N,nominal,2.0NRT,276.91,29.86,N
36.51581,-97.84066,295.18,0.71,0.75,2023-01-08,0932,N,nominal,2.0NRT,266.66,0.8,N
32.49682,-101.35064,297.95,0.6,0.7,2023-01-08,0932,N,nominal,2.0NRT,273.56,1.01,N
32.49152,-101.35256,309.24,0.6,0.7,2023-01-08,0932,N,nominal,2.0NRT,273,1.29,N
32.45219,-101.36137,303.23,0.6,0.7,2023-01-08,0932,N,nominal,2.0NRT,273.59,1.61,N
32.41273,-101.6376,330.1,0.58,0.7,2023-01-08,0932,N,nominal,2.0NRT,274.9,2.56,N
32.36504,-101.61549,321.23,0.58,0.7,2023-01-08,0932,N,nominal,2.0NRT,274.18,1.79,N
32.36473,-101.61523,329.16,0.58,0.7,2023-01-08,0932,N,nominal,2.0NRT,274.49,3.08,N
32.35322,-101.72086,321.47,0.58,0.69,2023-01-08,0932,N,nominal,2.0NRT,273.31,3.47,N
32.04724,-100.6815,296.92,0.67,0.73,2023-01-08,0932,N,nominal,2.0NRT,272.8,1.9,N
32.28001,-102.0494,296.29,0.56,0.68,2023-01-08,0932,N,nominal,2.0NRT,272.93,0.31,N
32.2776,-102.04991,305.93,0.56,0.68,2023-01-08,0932,N,nominal,2.0NRT,273.42,0.99,N
32.41473,-103.41058,295.65,0.46,0.64,2023-01-08,0932,N,nominal,2.0NRT,270.09,0.73,N
32.16341,-102.5207,298.19,0.53,0.67,2023-01-08,0932,N,nominal,2.0NRT,272.07,0.48,N
32.35332,-103.407,297.32,0.47,0.64,2023-01-08,0932,N,nominal,2.0NRT,271.01,1.36,N
31.8692,-101.79943,298.46,0.59,0.7,2023-01-08,0932,N,nominal,2.0NRT,272.94,1.01,N
31.86783,-101.79652,299.97,0.59,0.7,2023-01-08,0932,N,nominal,2.0NRT,273.66,0.94,N
31.96396,-102.60091,337.77,0.53,0.67,2023-01-08,0932,N,nominal,2.0NRT,275.33,3.23,N
31.96243,-102.59543,309.55,0.53,0.67,2023-01-08,0932,N,nominal,2.0NRT,272.62,3.23,N
31.96618,-102.6007,325.63,0.53,0.67,2023-01-08,0932,N,nominal,2.0NRT,273.14,6.48,N
31.96468,-102.59519,327.37,0.53,0.67,2023-01-08,0932,N,nominal,2.0NRT,273,4.92,N
31.52458,-101.53539,296.33,0.62,0.71,2023-01-08,0932,N,nominal,2.0NRT,272.35,0.59,N
32.06467,-103.61581,300.58,0.46,0.64,2023-01-08,0932,N,nominal,2.0NRT,274.16,1.35,N
31.88807,-103.53239,304.12,0.47,0.64,2023-01-08,0932,N,nominal,2.0NRT,273.91,1.34,N
31.34148,-101.57748,297.94,0.62,0.72,2023-01-08,0932,N,nominal,2.0NRT,273.36,1.09,N
31.89017,-103.53336,305.86,0.47,0.64,2023-01-08,0932,N,nominal,2.0NRT,274.46,0.83,N
31.34292,-101.57683,297.51,0.62,0.72,2023-01-08,0932,N,nominal,2.0NRT,273.51,0.64,N
31.95111,-104.02366,303.74,0.44,0.62,2023-01-08,0932,N,nominal,2.0NRT,272.46,0.92,N
34.33491,-118.51953,296.41,0.43,0.38,2023-01-08,0932,N,nominal,2.0NRT,259.41,0.14,N
34.15353,-118.19392,298.56,0.42,0.37,2023-01-08,0932,N,nominal,2.0NRT,266.24,0.77,N
32.85707,-117.1481,301.54,0.39,0.36,2023-01-08,0934,N,nominal,2.0NRT,277.42,0.68,N
32.59746,-117.01081,307.47,0.39,0.36,2023-01-08,0934,N,nominal,2.0NRT,279.75,0.82,N
31.84427,-116.58659,305.76,0.38,0.36,2023-01-08,0934,N,nominal,2.0NRT,281.13,1.21,N
30.49572,-109.62928,323.67,0.46,0.47,2023-01-08,0934,N,nominal,2.0NRT,276.81,4.09,N
30.49797,-109.62576,297.01,0.46,0.47,2023-01-08,0934,N,nominal,2.0NRT,274.63,1.79,N
30.49372,-109.62699,303.71,0.46,0.47,2023-01-08,0934,N,nominal,2.0NRT,273.18,2.93,N
28.22434,-106.22492,296.49,0.4,0.6,2023-01-08,0934,N,nominal,2.0NRT,272.87,0.82,N
29.04894,-110.71325,301.05,0.43,0.46,2023-01-08,0934,N,nominal,2.0NRT,281.16,0.51,N
29.03782,-111.50893,298.17,0.39,0.44,2023-01-08,0934,N,nominal,2.0NRT,278.04,0.64,N
29.03387,-111.50995,302.84,0.39,0.44,2023-01-08,0934,N,nominal,2.0NRT,278.5,0.94,N
28.11705,-110.65659,299.76,0.45,0.47,2023-01-08,0934,N,nominal,2.0NRT,282.87,0.84,N
23.36857,-104.84535,308.26,0.63,0.72,2023-01-08,0936,N,nominal,2.0NRT,271.69,1.4,N
23.3711,-104.84413,308.72,0.63,0.72,2023-01-08,0936,N,nominal,2.0NRT,274.29,2.77,N
19.59675,-155.50732,301.93,0.43,0.62,2023-01-08,1119,N,nominal,2.0NRT,290.29,2.72,N
19.58517,-155.50676,300.87,0.43,0.62,2023-01-08,1119,N,nominal,2.0NRT,288.16,3.1,N
19.60064,-155.50592,301.9,0.43,0.62,2023-01-08,1119,N,nominal,2.0NRT,290.99,1.62,N
19.59483,-155.50557,304.08,0.43,0.62,2023-01-08,1119,N,nominal,2.0NRT,289.85,1.62,N
19.58903,-155.50529,300.23,0.43,0.62,2023-01-08,1119,N,nominal,2.0NRT,289.58,3.22,N
19.42078,-155.27896,299.77,0.41,0.6,2023-01-08,1119,N,nominal,2.0NRT,286.86,2.26,N
19.42039,-155.27516,312.26,0.41,0.6,2023-01-08,1119,N,nominal,2.0NRT,286.64,1.42,N
19.42,-155.27129,296.61,0.41,0.6,2023-01-08,1119,N,nominal,2.0NRT,285.48,1.42,N
19.41516,-155.27966,357.1,0.41,0.6,2023-01-08,1119,N,nominal,2.0NRT,317.83,330.92,N
19.41478,-155.27586,335.23,0.41,0.6,2023-01-08,1119,N,nominal,2.0NRT,293.59,217.02,N
19.41625,-155.29045,297.94,0.41,0.61,2023-01-08,1119,N,nominal,2.0NRT,287.18,8.65,N
19.41588,-155.28682,306.28,0.41,0.61,2023-01-08,1119,N,nominal,2.0NRT,290.71,8.65,N
19.41553,-155.28326,317.23,0.41,0.6,2023-01-08,1119,N,nominal,2.0NRT,296.2,330.92,N
19.41439,-155.27196,311.01,0.41,0.6,2023-01-08,1119,N,nominal,2.0NRT,287.87,217.02,N
19.41031,-155.28796,343.46,0.41,0.61,2023-01-08,1119,N,nominal,2.0NRT,302.59,8.65,N
19.40994,-155.28423,367,0.41,0.6,2023-01-08,1119,N,high,2.0NRT,355.99,330.92,N
19.40878,-155.2726,355.72,0.41,0.6,2023-01-08,1119,N,nominal,2.0NRT,309.95,217.02,N
19.41104,-155.29526,296.56,0.41,0.61,2023-01-08,1119,N,nominal,2.0NRT,284.68,2.37,N
19.41067,-155.29156,315.84,0.41,0.61,2023-01-08,1119,N,nominal,2.0NRT,291.05,8.65,N
19.40837,-155.26863,318.73,0.41,0.6,2023-01-08,1119,N,nominal,2.0NRT,294.85,2.21,N
19.40797,-155.26457,303.89,0.41,0.6,2023-01-08,1119,N,nominal,2.0NRT,288.14,2.21,N
19.40471,-155.28888,338.13,0.41,0.61,2023-01-08,1119,N,nominal,2.0NRT,298.43,25.07,N
19.40434,-155.2851,367,0.41,0.6,2023-01-08,1119,N,high,2.0NRT,349.01,244.78,N
19.40315,-155.27321,352.59,0.41,0.6,2023-01-08,1119,N,nominal,2.0NRT,292.48,271.8,N
19.40544,-155.29616,295.85,0.41,0.61,2023-01-08,1119,N,nominal,2.0NRT,284.08,1.3,N
19.40508,-155.29248,312.37,0.41,0.61,2023-01-08,1119,N,nominal,2.0NRT,290.84,25.07,N
19.40275,-155.26917,311.63,0.41,0.6,2023-01-08,1119,N,nominal,2.0NRT,286.88,11.37,N
19.40234,-155.26506,298.7,0.41,0.6,2023-01-08,1119,N,nominal,2.0NRT,284.19,11.37,N
19.3987,-155.28552,297.69,0.41,0.6,2023-01-08,1119,N,nominal,2.0NRT,285.44,244.78,N
19.39831,-155.28157,304.51,0.41,0.6,2023-01-08,1119,N,nominal,2.0NRT,285.03,244.78,N
19.39791,-155.27762,304.79,0.41,0.6,2023-01-08,1119,N,nominal,2.0NRT,285.08,271.8,N
42.14844,-122.78501,296.57,0.51,0.66,2023-01-08,1110,N,nominal,2.0NRT,264.4,1.07,N
42.14303,-122.78925,312.89,0.51,0.66,2023-01-08,1110,N,nominal,2.0NRT,265.41,2.87,N
42.14178,-122.78525,297.29,0.51,0.66,2023-01-08,1110,N,nominal,2.0NRT,265.32,1.97,N
42.14762,-122.78511,300.03,0.51,0.66,2023-01-08,1110,N,nominal,2.0NRT,265.4,1.81,N
42.14221,-122.78937,310.8,0.51,0.66,2023-01-08,1110,N,nominal,2.0NRT,266.15,1.81,N
42.14098,-122.78537,297.06,0.51,0.66,2023-01-08,1110,N,nominal,2.0NRT,266.38,1.81,N
19.60635,-155.50424,301.76,0.77,0.77,2023-01-08,1259,N,nominal,2.0NRT,289.73,6.06,N
19.59988,-155.50835,297.15,0.77,0.77,2023-01-08,1259,N,nominal,2.0NRT,286.79,4.29,N
19.59152,-155.50487,299.67,0.77,0.77,2023-01-08,1259,N,nominal,2.0NRT,286.65,3.33,N
19.58501,-155.50883,301.71,0.77,0.77,2023-01-08,1259,N,nominal,2.0NRT,288.43,3.39,N
19.57851,-155.51283,302.74,0.77,0.77,2023-01-08,1259,N,nominal,2.0NRT,288,3.39,N
19.57203,-155.51688,295.69,0.77,0.77,2023-01-08,1259,N,nominal,2.0NRT,284.31,3.18,N
19.57019,-155.50955,298.77,0.77,0.77,2023-01-08,1259,N,nominal,2.0NRT,286.34,3.18,N
19.54889,-155.51433,295.12,0.77,0.78,2023-01-08,1259,N,nominal,2.0NRT,281.85,2.43,N
19.59721,-155.50763,299.75,0.77,0.77,2023-01-08,1259,N,nominal,2.0NRT,287.28,3.02,N
19.58885,-155.50406,299.62,0.77,0.77,2023-01-08,1259,N,nominal,2.0NRT,286.29,3.02,N
19.58236,-155.50815,302.3,0.77,0.77,2023-01-08,1259,N,nominal,2.0NRT,288.16,3.44,N
19.57586,-155.51224,304.79,0.77,0.77,2023-01-08,1259,N,nominal,2.0NRT,288.38,3.44,N
19.56757,-155.50896,296.49,0.77,0.78,2023-01-08,1259,N,nominal,2.0NRT,285.6,4.08,N
19.54628,-155.51382,297.75,0.77,0.78,2023-01-08,1259,N,nominal,2.0NRT,282.5,3.44,N
19.41908,-155.30481,295.27,0.8,0.78,2023-01-08,1259,N,nominal,2.0NRT,282.28,3.21,N
19.41185,-155.30627,301.96,0.8,0.78,2023-01-08,1259,N,nominal,2.0NRT,282.76,12.31,N
18.45638,-71.42472,367,0.33,0.55,2023-01-08,1726,N,high,2.0NRT,299.07,9.41,D
18.46009,-71.42398,349.03,0.33,0.55,2023-01-08,1726,N,nominal,2.0NRT,298.21,5.56,D
18.65785,-71.29507,331.46,0.32,0.55,2023-01-08,1726,N,nominal,2.0NRT,297.53,3.66,D
19.31552,-71.52615,352.93,0.32,0.55,2023-01-08,1726,N,nominal,2.0NRT,289.91,9.72,D
19.32027,-71.5285,367,0.32,0.55,2023-01-08,1726,N,high,2.0NRT,291.36,9.72,D
19.31955,-71.53206,330.49,0.32,0.55,2023-01-08,1726,N,nominal,2.0NRT,286.63,9.22,D
19.32019,-71.52664,337.47,0.32,0.55,2023-01-08,1726,N,nominal,2.0NRT,289.85,8.34,D
19.3194,-71.53043,356.76,0.32,0.55,2023-01-08,1726,N,nominal,2.0NRT,290.6,8.34,D
19.35605,-71.58063,327.67,0.32,0.55,2023-01-08,1726,N,nominal,2.0NRT,291.49,2.18,D
20.37968,-76.41352,327.43,0.62,0.71,2023-01-08,1726,N,nominal,2.0NRT,295.48,4.58,D
21.091,-78.34335,326.01,0.78,0.78,2023-01-08,1726,N,nominal,2.0NRT,285.91,3.95,D
26.47029,-80.45451,343.49,0.78,0.78,2023-01-08,1728,N,nominal,2.0NRT,285.64,7.9,D
28.6207,-80.9994,329.92,0.74,0.76,2023-01-08,1728,N,nominal,2.0NRT,285.98,5.56,D
28.61861,-81.00687,331.26,0.75,0.77,2023-01-08,1728,N,nominal,2.0NRT,288.25,5.56,D
28.61761,-80.99918,332.87,0.74,0.76,2023-01-08,1728,N,nominal,2.0NRT,285.77,6.99,D
20.4074,-101.95239,333.07,0.64,0.72,2023-01-08,1908,N,nominal,2.0NRT,302.89,4.2,D
17.89523,-92.49133,337.36,0.55,0.42,2023-01-08,1906,N,nominal,2.0NRT,295.69,50.35,D
17.84386,-93.11304,328.24,0.4,0.44,2023-01-08,1906,N,nominal,2.0NRT,291.16,53.96,D
17.84319,-93.11674,346.26,0.4,0.44,2023-01-08,1906,N,nominal,2.0NRT,303.92,53.96,D
17.84251,-93.12045,347.19,0.4,0.44,2023-01-08,1906,N,nominal,2.0NRT,296.51,14.96,D
17.89168,-93.17278,326.46,0.4,0.44,2023-01-08,1906,N,nominal,2.0NRT,292.16,2.19,D
17.88835,-93.19147,339.82,0.4,0.44,2023-01-08,1906,N,nominal,2.0NRT,294.22,5.31,D
17.89573,-93.1736,330.66,0.4,0.44,2023-01-08,1906,N,nominal,2.0NRT,294.05,2.19,D
17.89373,-93.18482,335.78,0.4,0.44,2023-01-08,1906,N,nominal,2.0NRT,291.93,9.27,D
17.8924,-93.19228,341.79,0.4,0.44,2023-01-08,1906,N,nominal,2.0NRT,293.02,5.31,D
17.89174,-93.19601,326.18,0.4,0.44,2023-01-08,1906,N,nominal,2.0NRT,291.57,5.31,D
17.89513,-93.17387,340.14,0.4,0.44,2023-01-08,1906,N,nominal,2.0NRT,295.4,5.48,D
17.89305,-93.18507,337.93,0.4,0.44,2023-01-08,1906,N,nominal,2.0NRT,292.33,8.96,D
17.89167,-93.1925,342.08,0.4,0.44,2023-01-08,1906,N,nominal,2.0NRT,294.91,16.74,D
17.90184,-93.18293,352.49,0.4,0.44,2023-01-08,1906,N,nominal,2.0NRT,297.61,40.91,D
20.1354,-77.14925,331.41,0.46,0.64,2023-01-08,1906,N,nominal,2.0NRT,293.01,4.93,D
20.17542,-76.84328,341.61,0.48,0.65,2023-01-08,1906,N,nominal,2.0NRT,294.98,3.27,D
18.01099,-93.52885,344.37,0.42,0.45,2023-01-08,1906,N,nominal,2.0NRT,294.79,14.61,D
18.03901,-93.42171,342.12,0.41,0.45,2023-01-08,1906,N,nominal,2.0NRT,293.88,16.59,D
20.38948,-76.0415,347.19,0.55,0.68,2023-01-08,1906,N,nominal,2.0NRT,291.32,7.47,D
20.39055,-76.04527,332.79,0.55,0.68,2023-01-08,1906,N,nominal,2.0NRT,291.97,8.93,D
20.44132,-76.62605,367,0.5,0.66,2023-01-08,1906,N,high,2.0NRT,296.47,8.39,D
20.44747,-76.6265,329.42,0.5,0.66,2023-01-08,1906,N,nominal,2.0NRT,294.35,3.23,D
20.44113,-76.62434,334.19,0.5,0.66,2023-01-08,1906,N,nominal,2.0NRT,294.86,7.2,D
20.44071,-76.62933,338.32,0.5,0.66,2023-01-08,1906,N,nominal,2.0NRT,294.83,7.2,D
18.20518,-94.00629,352.46,0.44,0.46,2023-01-08,1906,N,nominal,2.0NRT,292.02,15.72,D
18.44065,-93.16338,329.79,0.39,0.44,2023-01-08,1906,N,nominal,2.0NRT,295.88,3,D
18.44144,-93.16394,331.1,0.39,0.44,2023-01-08,1906,N,nominal,2.0NRT,295.11,2.89,D
18.64528,-92.17219,333.69,0.51,0.41,2023-01-08,1906,N,nominal,2.0NRT,292.78,5.3,D
20.69945,-76.34315,327.81,0.53,0.67,2023-01-08,1906,N,low,2.0NRT,299.41,4.7,D
20.69902,-76.34834,332.84,0.53,0.67,2023-01-08,1906,N,nominal,2.0NRT,299.8,5.74,D
20.69364,-76.4877,367,0.52,0.67,2023-01-08,1906,N,high,2.0NRT,301.98,47.88,D
20.69321,-76.49277,351.91,0.52,0.67,2023-01-08,1906,N,nominal,2.0NRT,301.4,20.45,D
20.69279,-76.49784,346.66,0.52,0.66,2023-01-08,1906,N,nominal,2.0NRT,298.41,20.45,D
20.70072,-76.4781,341.38,0.52,0.67,2023-01-08,1906,N,nominal,2.0NRT,299.06,9.4,D
20.70029,-76.48319,353.55,0.52,0.67,2023-01-08,1906,N,nominal,2.0NRT,299.65,10.93,D
20.80594,-77.20871,331.66,0.47,0.64,2023-01-08,1906,N,nominal,2.0NRT,293.69,2.07,D
18.86556,-92.62385,331.14,0.54,0.42,2023-01-08,1906,N,nominal,2.0NRT,293.55,8.17,D
18.86647,-92.62164,326.85,0.54,0.42,2023-01-08,1906,N,nominal,2.0NRT,293.14,3.9,D
18.86555,-92.62669,330.07,0.54,0.42,2023-01-08,1906,N,nominal,2.0NRT,293.14,3.13,D
20.92503,-77.59009,334.1,0.44,0.62,2023-01-08,1906,N,nominal,2.0NRT,294.27,3.1,D
20.89149,-78.20002,367,0.4,0.6,2023-01-08,1906,N,high,2.0NRT,296.01,6.73,D
20.89187,-78.19608,329.75,0.4,0.6,2023-01-08,1906,N,nominal,2.0NRT,297.06,6.73,D
20.91773,-78.1627,330.38,0.41,0.6,2023-01-08,1906,N,nominal,2.0NRT,298.13,3.8,D
19.52028,-89.58578,338.01,0.4,0.37,2023-01-08,1906,N,nominal,2.0NRT,294.12,4.13,D
21.05051,-78.00163,331.54,0.42,0.61,2023-01-08,1906,N,nominal,2.0NRT,296.25,3.42,D
19.44056,-90.58041,328.66,0.43,0.38,2023-01-08,1906,N,nominal,2.0NRT,297.05,2.03,D
19.45949,-90.63818,336.49,0.43,0.38,2023-01-08,1906,N,nominal,2.0NRT,301.56,6.19,D
21.08244,-78.35319,367,0.4,0.6,2023-01-08,1906,N,high,2.0NRT,292.57,22.89,D
21.08207,-78.35706,357.3,0.4,0.6,2023-01-08,1906,N,low,2.0NRT,285.45,9.3,D
21.21889,-78.08698,332.82,0.41,0.61,2023-01-08,1906,N,nominal,2.0NRT,292.39,4.72,D
19.36834,-92.00582,328.57,0.49,0.4,2023-01-08,1906,N,nominal,2.0NRT,293.58,2.33,D
19.39682,-92.04018,333.17,0.49,0.4,2023-01-08,1906,N,nominal,2.0NRT,292.99,7.97,D
19.39374,-92.04284,332.92,0.49,0.4,2023-01-08,1906,N,nominal,2.0NRT,291.52,3.92,D
19.39744,-92.04355,334.29,0.49,0.4,2023-01-08,1906,N,nominal,2.0NRT,293.42,3.92,D
19.42584,-92.07798,336.35,0.49,0.41,2023-01-08,1906,N,nominal,2.0NRT,292.64,6.04,D
18.54018,-96.7464,335.88,0.32,0.55,2023-01-08,1906,N,nominal,2.0NRT,295.45,2.69,D
21.28295,-78.46455,330.48,0.39,0.59,2023-01-08,1906,N,nominal,2.0NRT,296.24,4.32,D
19.98387,-89.12282,341.78,0.39,0.36,2023-01-08,1906,N,nominal,2.0NRT,298.08,5,D
20.00567,-89.06608,341.18,0.39,0.36,2023-01-08,1906,N,nominal,2.0NRT,296.76,6.74,D
19.51696,-92.15697,330.83,0.5,0.41,2023-01-08,1906,N,nominal,2.0NRT,294.56,2.85,D
21.55404,-78.2262,329.15,0.41,0.61,2023-01-08,1906,N,nominal,2.0NRT,291.11,2.12,D
18.82972,-96.84731,329.31,0.33,0.55,2023-01-08,1906,N,nominal,2.0NRT,298.02,1.82,D
18.64552,-98.47507,334.25,0.42,0.61,2023-01-08,1906,N,nominal,2.0NRT,300.46,1.5,D
21.65088,-79.20753,334.18,0.35,0.57,2023-01-08,1906,N,nominal,2.0NRT,294.42,2.17,D
18.81379,-97.73058,332.16,0.37,0.58,2023-01-08,1906,N,nominal,2.0NRT,303.95,2.64,D
20.66525,-87.94364,332.7,0.39,0.36,2023-01-08,1906,N,nominal,2.0NRT,302.66,3.26,D
18.77104,-98.81583,342.64,0.44,0.62,2023-01-08,1906,N,nominal,2.0NRT,305.61,6.01,D
18.70868,-99.46996,348.04,0.48,0.65,2023-01-08,1906,N,nominal,2.0NRT,303.4,6.2,D
18.71156,-99.47242,344.95,0.48,0.65,2023-01-08,1906,N,nominal,2.0NRT,302.31,4.03,D
19.04768,-97.98201,367,0.38,0.59,2023-01-08,1906,N,high,2.0NRT,309.18,8.34,D
18.92922,-98.92021,330.93,0.44,0.62,2023-01-08,1906,N,nominal,2.0NRT,301.42,2.85,D
18.92992,-98.92027,330.77,0.44,0.62,2023-01-08,1906,N,nominal,2.0NRT,301.25,2.74,D
18.8836,-99.24026,333.27,0.46,0.64,2023-01-08,1906,N,nominal,2.0NRT,303.19,5.19,D
18.95717,-98.93231,329.85,0.44,0.62,2023-01-08,1906,N,low,2.0NRT,300.88,3.37,D
19.26319,-97.71043,345.47,0.36,0.58,2023-01-08,1906,N,nominal,2.0NRT,304.73,3.78,D
19.23211,-98.27135,343.48,0.4,0.6,2023-01-08,1906,N,nominal,2.0NRT,303.38,4.39,D
19.20403,-98.40315,344.23,0.4,0.6,2023-01-08,1906,N,nominal,2.0NRT,306.27,4.57,D
19.20322,-98.40691,345.47,0.4,0.6,2023-01-08,1906,N,nominal,2.0NRT,305.7,4.57,D
21.76921,-82.99785,367,0.41,0.45,2023-01-08,1906,N,high,2.0NRT,298.26,9.63,D
21.76968,-82.99391,352.74,0.41,0.45,2023-01-08,1906,N,nominal,2.0NRT,297.16,9.63,D
20.94485,-89.66361,335.38,0.39,0.36,2023-01-08,1908,N,nominal,2.0NRT,302.39,3.41,D
19.26441,-98.81817,333.33,0.43,0.62,2023-01-08,1908,N,nominal,2.0NRT,301.2,3.84,D
19.26662,-98.82095,330,0.43,0.62,2023-01-08,1908,N,low,2.0NRT,301.22,1.81,D
22.28801,-80.24837,331.99,0.62,0.54,2023-01-08,1908,N,nominal,2.0NRT,293.9,6.82,D
19.3325,-99.50902,330.93,0.47,0.64,2023-01-08,1908,N,nominal,2.0NRT,296.61,4.27,D
22.41037,-80.8336,339.47,0.57,0.52,2023-01-08,1908,N,nominal,2.0NRT,296.38,7.76,D
19.41742,-99.5903,367,0.48,0.64,2023-01-08,1908,N,high,2.0NRT,303.09,16.37,D
19.42048,-99.59036,367,0.48,0.64,2023-01-08,1908,N,high,2.0NRT,301.34,9.97,D
19.41945,-99.5949,335.43,0.48,0.64,2023-01-08,1908,N,nominal,2.0NRT,299.59,9.97,D
22.35161,-83.28827,335.73,0.4,0.44,2023-01-08,1908,N,nominal,2.0NRT,298.62,6.66,D
22.35115,-83.29218,339.69,0.4,0.44,2023-01-08,1908,N,nominal,2.0NRT,298.62,6.66,D
22.36122,-83.2776,345.33,0.4,0.44,2023-01-08,1908,N,nominal,2.0NRT,299.09,7.61,D
22.36532,-83.27814,345.49,0.4,0.44,2023-01-08,1908,N,nominal,2.0NRT,297.79,9.02,D
22.36485,-83.28207,355.69,0.4,0.44,2023-01-08,1908,N,nominal,2.0NRT,298.4,8.91,D
22.36942,-83.27869,349.78,0.4,0.44,2023-01-08,1908,N,nominal,2.0NRT,299.67,9.02,D
22.36896,-83.28262,349.84,0.4,0.44,2023-01-08,1908,N,nominal,2.0NRT,299.91,8.91,D
22.37353,-83.27925,330.56,0.4,0.44,2023-01-08,1908,N,nominal,2.0NRT,295.04,3.02,D
22.66256,-80.82854,341.17,0.57,0.52,2023-01-08,1908,N,nominal,2.0NRT,298.18,9.74,D
19.25699,-101.24212,367,0.61,0.71,2023-01-08,1908,N,high,2.0NRT,297.03,24.2,D
19.25577,-101.24746,328.29,0.61,0.71,2023-01-08,1908,N,nominal,2.0NRT,293.66,13.09,D
19.25557,-101.24175,346.81,0.61,0.71,2023-01-08,1908,N,nominal,2.0NRT,295.15,13.08,D
19.26223,-101.24248,343.26,0.61,0.71,2023-01-08,1908,N,nominal,2.0NRT,293.27,13.08,D
22.70187,-80.90829,332.1,0.57,0.52,2023-01-08,1908,N,nominal,2.0NRT,294.48,5.89,D
22.46158,-83.22621,333.26,0.41,0.45,2023-01-08,1908,N,nominal,2.0NRT,295.08,2.68,D
22.49172,-83.25445,355.72,0.4,0.45,2023-01-08,1908,N,nominal,2.0NRT,299.89,7.77,D
22.71897,-81.29526,341.89,0.54,0.51,2023-01-08,1908,N,nominal,2.0NRT,293.72,4.78,D
22.71841,-81.30051,335.29,0.54,0.51,2023-01-08,1908,N,nominal,2.0NRT,294.95,4.78,D
22.71533,-81.9696,337.16,0.49,0.48,2023-01-08,1908,N,nominal,2.0NRT,297.09,4.89,D
22.73699,-81.85489,340.69,0.5,0.49,2023-01-08,1908,N,nominal,2.0NRT,298.18,5.69,D
19.62574,-100.48713,331.73,0.54,0.68,2023-01-08,1908,N,nominal,2.0NRT,298.78,3.76,D
22.73473,-82.12085,336.74,0.48,0.48,2023-01-08,1908,N,nominal,2.0NRT,296.27,7.17,D
22.73421,-82.12553,347.14,0.48,0.48,2023-01-08,1908,N,nominal,2.0NRT,298.94,7.17,D
22.74361,-82.12199,332.08,0.48,0.48,2023-01-08,1908,N,nominal,2.0NRT,296.94,5.23,D
22.74308,-82.12666,329.05,0.48,0.48,2023-01-08,1908,N,nominal,2.0NRT,297.4,5.23,D
22.74255,-82.13135,331.63,0.48,0.48,2023-01-08,1908,N,nominal,2.0NRT,296.76,4.53,D
22.75569,-82.09498,355.93,0.48,0.48,2023-01-08,1908,N,nominal,2.0NRT,298.12,10.91,D
22.75824,-82.09422,354.88,0.48,0.48,2023-01-08,1908,N,nominal,2.0NRT,293.07,22.2,D
22.78497,-82.53714,331.32,0.45,0.47,2023-01-08,1908,N,nominal,2.0NRT,297.74,2.92,D
20.02872,-99.27245,338.77,0.44,0.63,2023-01-08,1908,N,nominal,2.0NRT,304.59,3.49,D
22.77803,-82.82204,339.96,0.43,0.46,2023-01-08,1908,N,nominal,2.0NRT,286.41,3.45,D
20.0485,-99.29161,330.33,0.44,0.63,2023-01-08,1908,N,low,2.0NRT,301.3,3.69,D
20.03034,-99.27278,346.44,0.44,0.62,2023-01-08,1908,N,nominal,2.0NRT,304.28,4.94,D
20.05004,-99.2918,334.87,0.44,0.63,2023-01-08,1908,N,nominal,2.0NRT,301.58,5.29,D
19.93173,-99.87272,349.73,0.48,0.65,2023-01-08,1908,N,nominal,2.0NRT,302.65,4.81,D
19.85797,-100.89716,331.33,0.56,0.69,2023-01-08,1908,N,nominal,2.0NRT,299.85,2.72,D
20.11952,-100.7011,356.99,0.54,0.68,2023-01-08,1908,N,nominal,2.0NRT,306.65,12.51,D
20.11831,-100.70637,333.25,0.54,0.68,2023-01-08,1908,N,low,2.0NRT,304.28,5.77,D
20.11708,-100.71177,333.6,0.54,0.68,2023-01-08,1908,N,nominal,2.0NRT,301.94,5.77,D
20.12568,-100.70263,339.35,0.54,0.68,2023-01-08,1908,N,nominal,2.0NRT,301.48,7.55,D
20.17746,-101.15327,367,0.58,0.69,2023-01-08,1908,N,high,2.0NRT,301.67,10.29,D
20.17737,-101.15665,352.89,0.57,0.69,2023-01-08,1908,N,nominal,2.0NRT,300.89,7.93,D
20.19369,-101.28745,367,0.59,0.7,2023-01-08,1908,N,high,2.0NRT,306.23,17.51,D
20.20256,-101.30719,330.77,0.59,0.7,2023-01-08,1908,N,low,2.0NRT,301.77,6.13,D
20.2036,-101.30689,336.2,0.59,0.7,2023-01-08,1908,N,nominal,2.0NRT,303.04,10.98,D
20.18947,-101.65186,339.86,0.62,0.71,2023-01-08,1908,N,nominal,2.0NRT,302.04,4.79,D
20.21639,-101.68343,336.84,0.62,0.71,2023-01-08,1908,N,nominal,2.0NRT,302.54,6.27,D
20.22014,-101.68674,339.73,0.62,0.71,2023-01-08,1908,N,nominal,2.0NRT,300.08,5.95,D
20.22575,-101.89343,333.3,0.64,0.72,2023-01-08,1908,N,nominal,2.0NRT,302.47,5.38,D
20.31745,-101.91767,367,0.64,0.72,2023-01-08,1908,N,high,2.0NRT,305.42,10.99,D
20.31888,-101.91157,336.82,0.64,0.72,2023-01-08,1908,N,nominal,2.0NRT,303.88,10.99,D
20.324,-101.9194,338.43,0.64,0.72,2023-01-08,1908,N,nominal,2.0NRT,299.57,10.99,D
20.32104,-101.9206,367,0.64,0.72,2023-01-08,1908,N,high,2.0NRT,301.38,11.48,D
20.3225,-101.91453,354.31,0.64,0.72,2023-01-08,1908,N,nominal,2.0NRT,302.96,25.57,D
20.31956,-101.92673,335.36,0.64,0.72,2023-01-08,1908,N,nominal,2.0NRT,303.8,11.48,D
20.53543,-101.16007,340.5,0.57,0.69,2023-01-08,1908,N,nominal,2.0NRT,299.85,5.56,D
20.53417,-101.16547,339.96,0.57,0.69,2023-01-08,1908,N,nominal,2.0NRT,301.15,5.56,D
20.19129,-102.66367,367,0.71,0.75,2023-01-08,1908,N,high,2.0NRT,299.38,23.43,D
20.18963,-102.67048,336,0.71,0.75,2023-01-08,1908,N,nominal,2.0NRT,299.1,14.9,D
20.57924,-101.17147,348.93,0.57,0.69,2023-01-08,1908,N,nominal,2.0NRT,301.99,9.15,D
20.58022,-101.17508,344.29,0.56,0.69,2023-01-08,1908,N,nominal,2.0NRT,300.41,10.94,D
20.88922,-101.55923,331.27,0.59,0.7,2023-01-08,1908,N,nominal,2.0NRT,303.27,3.5,D
20.96145,-101.62329,334.47,0.59,0.7,2023-01-08,1908,N,nominal,2.0NRT,301.49,5.87,D
20.55844,-103.45995,350.11,0.78,0.78,2023-01-08,1908,N,nominal,2.0NRT,297.29,12.84,D
20.55352,-103.45982,351.63,0.78,0.78,2023-01-08,1908,N,nominal,2.0NRT,298.17,11.08,D
21.3534,-103.37038,339.86,0.74,0.76,2023-01-08,1908,N,nominal,2.0NRT,294.63,5.31,D
22.43166,-99.39868,332.6,0.4,0.6,2023-01-08,1908,N,nominal,2.0NRT,289.98,2.87,D
26.56225,-80.46856,338.82,0.34,0.56,2023-01-08,1908,N,nominal,2.0NRT,297.23,3.49,D
26.56195,-80.47199,333.02,0.34,0.56,2023-01-08,1908,N,nominal,2.0NRT,299.8,3.49,D
22.97969,-102.63206,347.24,0.62,0.71,2023-01-08,1908,N,nominal,2.0NRT,303.65,10.51,D
23.559,-103.26218,334.15,0.65,0.73,2023-01-08,1908,N,nominal,2.0NRT,298.14,3.78,D
23.55482,-103.26027,333.04,0.65,0.73,2023-01-08,1908,N,nominal,2.0NRT,298.91,4.73,D
28.61521,-81.00335,357.44,0.33,0.55,2023-01-08,1908,N,nominal,2.0NRT,293.67,8.26,D
28.61492,-81.0068,335.2,0.33,0.55,2023-01-08,1908,N,nominal,2.0NRT,291.43,2.34,D
28.61464,-81.01024,325.93,0.33,0.55,2023-01-08,1908,N,nominal,2.0NRT,287.54,2.34,D
28.61436,-81.01366,325.65,0.33,0.55,2023-01-08,1908,N,nominal,2.0NRT,289.85,1.64,D
28.62034,-81.00382,367,0.33,0.55,2023-01-08,1908,N,high,2.0NRT,296.76,45.08,D
28.62006,-81.00727,344.42,0.33,0.55,2023-01-08,1908,N,nominal,2.0NRT,304.75,103.22,D
28.61978,-81.01072,354.44,0.33,0.55,2023-01-08,1908,N,nominal,2.0NRT,308.43,103.22,D
28.61949,-81.01415,346.6,0.33,0.55,2023-01-08,1908,N,nominal,2.0NRT,299.08,101.52,D
28.62519,-81.0078,367,0.33,0.55,2023-01-08,1908,N,high,2.0NRT,305.47,103.22,D
28.62547,-81.00436,335.81,0.33,0.55,2023-01-08,1908,N,nominal,2.0NRT,291.68,45.08,D
28.6249,-81.01124,208,0.33,0.55,2023-01-08,1908,N,low,2.0NRT,323.53,103.22,D
25.15601,-103.38286,328.89,0.61,0.71,2023-01-08,1908,N,nominal,2.0NRT,295.48,3.33,D
28.57539,-87.93382,329.04,0.42,0.38,2023-01-08,1908,N,nominal,2.0NRT,277.67,3.22,D
29.2558,-82.12282,336.83,0.57,0.52,2023-01-08,1908,N,nominal,2.0NRT,292.37,2.2,D
29.27026,-82.12444,340.76,0.57,0.52,2023-01-08,1908,N,nominal,2.0NRT,294.75,11.75,D
27.47866,-97.63931,327.52,0.49,0.49,2023-01-08,1910,N,nominal,2.0NRT,293.44,3.89,D
27.80943,-97.59303,342.49,0.48,0.48,2023-01-08,1910,N,nominal,2.0NRT,296.41,15.98,D
28.06014,-97.43763,326.65,0.47,0.48,2023-01-08,1910,N,nominal,2.0NRT,294.33,2.65,D
30.38628,-82.64178,327.97,0.55,0.51,2023-01-08,1910,N,nominal,2.0NRT,284.2,5.6,D
29.0743,-97.67165,338.37,0.46,0.47,2023-01-08,1910,N,nominal,2.0NRT,292.43,3.44,D
29.75611,-95.01656,328.62,0.49,0.4,2023-01-08,1910,N,nominal,2.0NRT,293.2,2.41,D
29.5787,-98.03366,326.81,0.47,0.48,2023-01-08,1910,N,nominal,2.0NRT,294.95,3.71,D
29.8956,-96.78189,338.68,0.4,0.44,2023-01-08,1910,N,nominal,2.0NRT,294.36,4.42,D
29.93689,-98.79861,340.09,0.51,0.5,2023-01-08,1910,N,nominal,2.0NRT,295.83,4.29,D
29.90833,-98.95261,325.05,0.52,0.5,2023-01-08,1910,N,nominal,2.0NRT,292.08,2.27,D
32.54932,-82.62004,336.49,0.58,0.52,2023-01-08,1910,N,nominal,2.0NRT,265.74,6.88,D
30.81299,-97.33387,330.38,0.41,0.45,2023-01-08,1910,N,nominal,2.0NRT,293.86,3.47,D
30.81215,-97.33807,334.49,0.41,0.45,2023-01-08,1910,N,nominal,2.0NRT,294.24,2.74,D
31.55801,-95.83488,335.08,0.5,0.41,2023-01-08,1910,N,nominal,2.0NRT,293.96,4.56,D
31.55783,-95.83665,332.02,0.5,0.41,2023-01-08,1910,N,nominal,2.0NRT,295.09,4.73,D
31.92292,-94.15591,331.42,0.43,0.38,2023-01-08,1910,N,nominal,2.0NRT,292.25,4.75,D
31.42066,-97.55657,335.92,0.41,0.45,2023-01-08,1910,N,nominal,2.0NRT,295.43,3.34,D
31.70182,-96.3628,329.4,0.53,0.42,2023-01-08,1910,N,nominal,2.0NRT,291.6,4.27,D
32.00438,-96.4958,326.54,0.53,0.42,2023-01-08,1910,N,nominal,2.0NRT,293.15,4.68,D
32.33887,-96.12414,325.72,0.5,0.41,2023-01-08,1910,N,nominal,2.0NRT,293.83,2.72,D
32.12217,-97.73192,326.14,0.41,0.45,2023-01-08,1910,N,nominal,2.0NRT,292.12,1.65,D
32.35889,-96.73228,331.05,0.54,0.42,2023-01-08,1910,N,nominal,2.0NRT,293.59,3.11,D
32.18308,-97.92899,339.69,0.41,0.45,2023-01-08,1910,N,nominal,2.0NRT,292.08,3.01,D
31.86794,-99.66296,348.66,0.52,0.5,2023-01-08,1910,N,nominal,2.0NRT,296.16,10.48,D
31.86677,-99.66831,354.65,0.52,0.5,2023-01-08,1910,N,nominal,2.0NRT,296.66,10.48,D
31.86652,-99.66512,356.86,0.52,0.5,2023-01-08,1910,N,nominal,2.0NRT,298.05,15.98,D
31.86531,-99.67044,338.25,0.52,0.5,2023-01-08,1910,N,nominal,2.0NRT,294.35,4.76,D
32.45669,-97.03994,331.17,0.55,0.43,2023-01-08,1910,N,nominal,2.0NRT,296.61,3.96,D
32.98619,-95.46603,328.55,0.46,0.39,2023-01-08,1910,N,nominal,2.0NRT,292.28,2.69,D
33.31445,-94.49049,345.56,0.42,0.38,2023-01-08,1910,N,nominal,2.0NRT,291.53,8.48,D
32.40971,-99.23498,339.74,0.48,0.48,2023-01-08,1910,N,nominal,2.0NRT,293.29,6.79,D
33.37132,-94.28538,334.77,0.42,0.37,2023-01-08,1910,N,nominal,2.0NRT,292.74,5.63,D
32.40761,-99.23743,340.25,0.48,0.48,2023-01-08,1910,N,nominal,2.0NRT,294.44,7.99,D
33.07051,-96.44715,330.04,0.51,0.41,2023-01-08,1910,N,nominal,2.0NRT,293.42,3.9,D
33.73595,-93.4595,328.3,0.4,0.37,2023-01-08,1910,N,nominal,2.0NRT,289.32,6.31,D
32.91656,-98.32775,334.14,0.42,0.45,2023-01-08,1910,N,nominal,2.0NRT,293.4,2.26,D
33.9738,-93.3594,332.38,0.39,0.36,2023-01-08,1910,N,nominal,2.0NRT,291.02,3.1,D
33.97783,-93.35595,328.89,0.39,0.36,2023-01-08,1910,N,nominal,2.0NRT,289.48,3.1,D
33.05291,-98.35432,340.17,0.42,0.45,2023-01-08,1910,N,nominal,2.0NRT,293.97,8.61,D
33.05197,-98.35878,338.38,0.42,0.45,2023-01-08,1910,N,nominal,2.0NRT,294.89,8.61,D
32.36175,-101.61614,339.66,0.33,0.55,2023-01-08,1910,N,nominal,2.0NRT,297.21,2.49,D
32.37654,-101.57653,336.71,0.33,0.55,2023-01-08,1910,N,nominal,2.0NRT,293.76,2.37,D
34.02124,-93.53371,329.85,0.4,0.37,2023-01-08,1910,N,nominal,2.0NRT,290.53,2.52,D
32.41388,-101.63776,341.67,0.33,0.55,2023-01-08,1910,N,nominal,2.0NRT,298.06,3.07,D
33.60389,-96.5645,334.81,0.5,0.41,2023-01-08,1910,N,nominal,2.0NRT,294.82,12.09,D
33.81733,-95.49333,327.86,0.45,0.39,2023-01-08,1910,N,nominal,2.0NRT,288.69,1.83,D
33.81924,-95.4919,329.13,0.45,0.39,2023-01-08,1910,N,nominal,2.0NRT,289.22,2.69,D
33.63761,-96.53136,330.25,0.5,0.41,2023-01-08,1910,N,nominal,2.0NRT,291.56,2.52,D
33.94062,-94.98512,329.76,0.43,0.38,2023-01-08,1910,N,nominal,2.0NRT,290.8,1.43,D
34.70285,-93.05746,332.18,0.39,0.36,2023-01-08,1910,N,nominal,2.0NRT,288.5,4.27,D
34.59187,-95.4529,329.77,0.44,0.38,2023-01-08,1910,N,nominal,2.0NRT,288.54,4.58,D
33.7617,-99.78059,337.74,0.48,0.48,2023-01-08,1910,N,nominal,2.0NRT,292.06,2.7,D
34.72303,-95.00493,332.3,0.42,0.38,2023-01-08,1910,N,nominal,2.0NRT,291.54,9.52,D
35.64645,-89.93414,330.99,0.42,0.38,2023-01-08,1910,N,nominal,2.0NRT,287.16,3,D
34.47278,-97.18925,325.38,0.52,0.41,2023-01-08,1910,N,nominal,2.0NRT,287.77,5.26,D
34.47508,-97.19202,339.8,0.52,0.41,2023-01-08,1910,N,nominal,2.0NRT,288.56,4.4,D
35.07926,-95.25468,337.97,0.43,0.38,2023-01-08,1910,N,nominal,2.0NRT,292.67,29.98,D
35.93515,-89.71125,328.75,0.43,0.38,2023-01-08,1910,N,nominal,2.0NRT,284.73,4.8,D
35.4216,-93.88036,328.9,0.39,0.37,2023-01-08,1910,N,nominal,2.0NRT,288.44,1.85,D
34.92758,-96.7379,336.76,0.49,0.4,2023-01-08,1910,N,nominal,2.0NRT,291.05,5.54,D
34.63958,-98.46887,326.17,0.4,0.44,2023-01-08,1910,N,nominal,2.0NRT,292.01,2.34,D
34.72152,-98.68823,348.98,0.4,0.45,2023-01-08,1910,N,nominal,2.0NRT,292.99,8.22,D
34.72063,-98.69255,338.15,0.41,0.45,2023-01-08,1910,N,nominal,2.0NRT,290.61,7.08,D
34.72555,-98.68945,341,0.4,0.45,2023-01-08,1910,N,nominal,2.0NRT,293.25,8.22,D
35.56144,-94.28394,328.59,0.4,0.37,2023-01-08,1910,N,nominal,2.0NRT,288.51,4.48,D
34.72433,-98.68825,351.25,0.4,0.45,2023-01-08,1910,N,nominal,2.0NRT,293.79,11.81,D
34.72342,-98.69257,343.02,0.4,0.45,2023-01-08,1910,N,nominal,2.0NRT,290.88,10.17,D
34.72836,-98.68945,349.3,0.4,0.45,2023-01-08,1910,N,nominal,2.0NRT,299.6,35.86,D
34.73238,-98.69066,340.28,0.4,0.45,2023-01-08,1910,N,nominal,2.0NRT,292.06,35.86,D
34.73055,-98.69932,346.04,0.4,0.45,2023-01-08,1910,N,nominal,2.0NRT,298.1,58.74,D
34.73146,-98.69499,285.19,0.4,0.45,2023-01-08,1910,N,low,2.0NRT,317.61,58.74,D
34.73457,-98.70052,326.59,0.4,0.45,2023-01-08,1910,N,nominal,2.0NRT,291.07,3.04,D
34.73366,-98.70486,330.67,0.41,0.45,2023-01-08,1910,N,nominal,2.0NRT,291.44,2.52,D
34.9009,-98.06138,345.23,0.56,0.43,2023-01-08,1910,N,nominal,2.0NRT,295.26,26.36,D
35.18797,-97.49787,328.22,0.52,0.42,2023-01-08,1912,N,nominal,2.0NRT,292.6,2.61,D
36.35765,-91.05537,335.94,0.4,0.37,2023-01-08,1912,N,nominal,2.0NRT,284.22,3.7,D
35.56801,-98.62572,331.31,0.39,0.44,2023-01-08,1912,N,nominal,2.0NRT,290.72,2.14,D
36.01277,-96.49644,326.01,0.46,0.39,2023-01-08,1912,N,nominal,2.0NRT,287.19,2.29,D
36.27995,-95.14535,329.04,0.41,0.37,2023-01-08,1912,N,nominal,2.0NRT,287.27,12.69,D
36.28164,-95.14912,342.69,0.41,0.37,2023-01-08,1912,N,nominal,2.0NRT,284.08,14.95,D
36.1902,-96.73985,334.49,0.47,0.4,2023-01-08,1912,N,nominal,2.0NRT,294.42,3.8,D
36.23588,-97.50895,326.81,0.5,0.41,2023-01-08,1912,N,nominal,2.0NRT,286.94,1.58,D
36.83704,-94.70556,333.3,0.4,0.37,2023-01-08,1912,N,nominal,2.0NRT,284.41,5.34,D
36.35392,-98.40946,326.73,0.55,0.43,2023-01-08,1912,N,nominal,2.0NRT,291.03,8.16,D
36.35776,-98.41063,346.32,0.55,0.43,2023-01-08,1912,N,nominal,2.0NRT,294.9,8.16,D
37.16898,-93.99593,338.07,0.39,0.36,2023-01-08,1912,N,nominal,2.0NRT,285.54,4.86,D
36.36161,-98.41182,337.27,0.55,0.43,2023-01-08,1912,N,nominal,2.0NRT,291.69,9.01,D
36.36544,-98.413,331.8,0.55,0.43,2023-01-08,1912,N,nominal,2.0NRT,292.53,9.01,D
36.36928,-98.41418,339.36,0.55,0.43,2023-01-08,1912,N,nominal,2.0NRT,290.87,9.53,D
37.31765,-94.5016,328.75,0.39,0.37,2023-01-08,1912,N,nominal,2.0NRT,284.73,3.13,D
38.00304,-91.70858,327.74,0.4,0.37,2023-01-08,1912,N,nominal,2.0NRT,280.5,1.38,D
37.72382,-93.82233,329.38,0.39,0.36,2023-01-08,1912,N,nominal,2.0NRT,284.3,1.46,D
37.63771,-96.0427,326.04,0.43,0.38,2023-01-08,1912,N,nominal,2.0NRT,284.87,3.19,D
37.79196,-95.19478,342.85,0.4,0.37,2023-01-08,1912,N,nominal,2.0NRT,287.27,8.77,D
37.79531,-95.1957,336.79,0.4,0.37,2023-01-08,1912,N,nominal,2.0NRT,283.08,5.89,D
38.06019,-93.80009,327.7,0.39,0.36,2023-01-08,1912,N,nominal,2.0NRT,283.42,3.69,D
33.65666,-81.59919,327.14,0.6,0.7,2023-01-08,1730,N,nominal,2.0NRT,279,2.85,D
33.65589,-81.59785,327.29,0.6,0.7,2023-01-08,1730,N,nominal,2.0NRT,279.05,3.16,D
43.16486,-72.29842,326.49,0.41,0.37,2023-01-08,1732,N,nominal,2.0NRT,270.37,2.15,D
44.13075,-68.92897,325.32,0.39,0.36,2023-01-08,1732,N,nominal,2.0NRT,271.91,2.57,D
38.2349,-94.96846,336.06,0.4,0.37,2023-01-08,1912,N,nominal,2.0NRT,286.48,3.78,D
38.07189,-97.60133,328.38,0.47,0.4,2023-01-08,1912,N,nominal,2.0NRT,286.83,4.55,D
38.66101,-94.53265,327.9,0.39,0.36,2023-01-08,1912,N,nominal,2.0NRT,283.48,2.05,D
38.44715,-96.06604,325.87,0.42,0.38,2023-01-08,1912,N,nominal,2.0NRT,283.73,2.17,D
39.19023,-91.98099,334.05,0.4,0.37,2023-01-08,1912,N,nominal,2.0NRT,273.98,4.85,D
39.80222,-92.98627,328.38,0.39,0.36,2023-01-08,1912,N,nominal,2.0NRT,280.56,2.86,D
39.37627,-95.85802,331.57,0.41,0.37,2023-01-08,1912,N,nominal,2.0NRT,286.43,12.09,D
40.41772,-91.07623,329.92,0.42,0.38,2023-01-08,1912,N,nominal,2.0NRT,274.87,2.76,D
40.14319,-94.01978,343.65,0.38,0.36,2023-01-08,1912,N,nominal,2.0NRT,290.13,27.63,D
40.79504,-92.33246,327.39,0.4,0.37,2023-01-08,1912,N,nominal,2.0NRT,276.53,2.99,D
41.63717,-87.13876,338.67,0.42,0.45,2023-01-08,1912,N,nominal,2.0NRT,268.98,5.46,D
41.65661,-87.6216,325.01,0.4,0.44,2023-01-08,1912,N,nominal,2.0NRT,268.48,2.12,D
40.92414,-97.59575,329.38,0.43,0.38,2023-01-08,1912,N,nominal,2.0NRT,279.9,2.63,D
41.26295,-96.77296,327.23,0.41,0.37,2023-01-08,1912,N,nominal,2.0NRT,277.52,1.54,D
41.40515,-96.85033,345.85,0.41,0.37,2023-01-08,1912,N,nominal,2.0NRT,279.71,10.12,D
44.68675,-104.29681,348.27,0.46,0.47,2023-01-08,1914,N,nominal,2.0NRT,281.97,8.16,D
44.69091,-104.29871,356.92,0.46,0.47,2023-01-08,1914,N,nominal,2.0NRT,280.61,23.05,D
44.68964,-104.30405,328.59,0.46,0.47,2023-01-08,1914,N,nominal,2.0NRT,278.2,5.88,D
47.58469,-112.6561,340.33,0.44,0.62,2023-01-08,1917,N,nominal,2.0NRT,276.72,9.19,D
17.53651,-99.91401,330.5,0.64,0.72,2023-01-08,2046,N,nominal,2.0NRT,292.07,4.29,D
17.93157,-102.20477,330.04,0.46,0.63,2023-01-08,2046,N,nominal,2.0NRT,297.47,5.46,D
18.69038,-98.91996,337.33,0.76,0.77,2023-01-08,2048,N,nominal,2.0NRT,303.48,7.09,D
18.76171,-98.93581,335.79,0.76,0.77,2023-01-08,2048,N,nominal,2.0NRT,299.19,5.12,D
18.76468,-98.9335,341.45,0.76,0.77,2023-01-08,2048,N,nominal,2.0NRT,299.51,6.32,D
19.25265,-98.84919,337.5,0.78,0.78,2023-01-08,2048,N,nominal,2.0NRT,297.79,6.61,D
18.88131,-103.63267,346.97,0.38,0.59,2023-01-08,2048,N,nominal,2.0NRT,298.48,3.28,D
19.34181,-99.55511,336.62,0.71,0.75,2023-01-08,2048,N,nominal,2.0NRT,297.15,5.68,D
19.34023,-99.55622,342.84,0.71,0.75,2023-01-08,2048,N,nominal,2.0NRT,297.64,7.3,D
19.27499,-101.86095,332.51,0.5,0.66,2023-01-08,2048,N,nominal,2.0NRT,297.17,1.98,D
19.25852,-103.64288,349.06,0.38,0.59,2023-01-08,2048,N,nominal,2.0NRT,302.99,5.24,D
19.25936,-103.64239,345.03,0.38,0.59,2023-01-08,2048,N,nominal,2.0NRT,302.07,4.82,D
19.70511,-99.0457,351.54,0.77,0.77,2023-01-08,2048,N,nominal,2.0NRT,301.45,12.46,D
19.71291,-99.03865,340.51,0.77,0.77,2023-01-08,2048,N,nominal,2.0NRT,300.06,51.22,D
19.71234,-99.04627,343.88,0.77,0.77,2023-01-08,2048,N,nominal,2.0NRT,310.1,51.22,D
19.8227,-101.01264,367,0.58,0.69,2023-01-08,2048,N,high,2.0NRT,304.76,16.3,D
19.82918,-101.01315,348.74,0.58,0.69,2023-01-08,2048,N,nominal,2.0NRT,302.5,9.14,D
19.8234,-101.00924,367,0.58,0.69,2023-01-08,2048,N,high,2.0NRT,302.72,14.63,D
19.82294,-101.01482,346.97,0.58,0.69,2023-01-08,2048,N,nominal,2.0NRT,301.38,14.63,D
19.93462,-102.34019,356.12,0.47,0.64,2023-01-08,2048,N,nominal,2.0NRT,300.66,8.01,D
19.93729,-102.33912,350.29,0.47,0.64,2023-01-08,2048,N,nominal,2.0NRT,300.36,7.03,D
20.16944,-101.15549,338.88,0.57,0.69,2023-01-08,2048,N,nominal,2.0NRT,300.85,5.2,D
20.12928,-101.69852,349.22,0.52,0.67,2023-01-08,2048,N,nominal,2.0NRT,302.27,8.57,D
20.24501,-101.03378,341.04,0.58,0.7,2023-01-08,2048,N,nominal,2.0NRT,303.39,8.73,D
20.24489,-101.0363,344.99,0.58,0.7,2023-01-08,2048,N,nominal,2.0NRT,302.77,8.19,D
20.24361,-101.51741,367,0.54,0.68,2023-01-08,2048,N,high,2.0NRT,307.98,10.37,D
20.31302,-101.47888,336.6,0.54,0.68,2023-01-08,2048,N,nominal,2.0NRT,304.56,5.61,D
20.31408,-101.91085,341.53,0.51,0.66,2023-01-08,2048,N,nominal,2.0NRT,306.02,13.99,D
20.31365,-101.91583,355.18,0.51,0.66,2023-01-08,2048,N,nominal,2.0NRT,306.74,6.87,D
20.31981,-101.91641,333.56,0.51,0.66,2023-01-08,2048,N,low,2.0NRT,304.98,6.87,D
20.29461,-102.33572,356.88,0.48,0.65,2023-01-08,2048,N,nominal,2.0NRT,303.31,8.96,D
20.36076,-101.6636,333.06,0.53,0.67,2023-01-08,2048,N,nominal,2.0NRT,300.38,1.71,D
20.31049,-102.36074,367,0.48,0.64,2023-01-08,2048,N,high,2.0NRT,315.07,47.94,D
20.47326,-100.7303,332.67,0.61,0.71,2023-01-08,2048,N,nominal,2.0NRT,301.97,2.98,D
20.54481,-100.19672,340.81,0.66,0.73,2023-01-08,2048,N,nominal,2.0NRT,301.5,5.18,D
20.53502,-101.16148,353.01,0.57,0.69,2023-01-08,2048,N,nominal,2.0NRT,304.72,8.41,D
20.53548,-101.15968,343.6,0.57,0.69,2023-01-08,2048,N,nominal,2.0NRT,302.95,4.88,D
20.53503,-101.16534,331.71,0.57,0.69,2023-01-08,2048,N,nominal,2.0NRT,301.78,4.88,D
20.36171,-103.56732,348.57,0.4,0.6,2023-01-08,2048,N,nominal,2.0NRT,302.96,5.55,D
20.58028,-101.16925,349.9,0.57,0.69,2023-01-08,2048,N,nominal,2.0NRT,302.95,10.61,D
20.57535,-103.71878,367,0.39,0.59,2023-01-08,2048,N,high,2.0NRT,307.22,12.87,D
20.57495,-103.72298,336.29,0.39,0.59,2023-01-08,2048,N,nominal,2.0NRT,299.42,12.87,D
20.55651,-103.91282,333.6,0.38,0.59,2023-01-08,2048,N,nominal,2.0NRT,303.7,0.93,D
20.79725,-101.39098,336.43,0.56,0.69,2023-01-08,2048,N,nominal,2.0NRT,304.74,4.64,D
20.74436,-103.50394,336.01,0.41,0.6,2023-01-08,2048,N,nominal,2.0NRT,305.71,1.03,D
20.9365,-101.61555,332.79,0.54,0.68,2023-01-08,2048,N,nominal,2.0NRT,300.98,2.95,D
20.82079,-103.47516,351.22,0.41,0.61,2023-01-08,2048,N,nominal,2.0NRT,303.87,4.7,D
21.11129,-101.76052,367,0.53,0.67,2023-01-08,2048,N,high,2.0NRT,305.35,10.44,D
21.1143,-101.75999,367,0.53,0.67,2023-01-08,2048,N,high,2.0NRT,303.46,11.61,D
21.19718,-104.65217,336.92,0.35,0.56,2023-01-08,2048,N,nominal,2.0NRT,305.08,2.48,D
21.20238,-104.65318,339.61,0.35,0.56,2023-01-08,2048,N,nominal,2.0NRT,303.36,2.48,D
21.62275,-101.44123,336.71,0.57,0.69,2023-01-08,2048,N,nominal,2.0NRT,304.99,3.88,D
22.03105,-102.26059,341.68,0.51,0.66,2023-01-08,2048,N,nominal,2.0NRT,301.77,8.66,D
22.03122,-102.25868,356.3,0.51,0.66,2023-01-08,2048,N,nominal,2.0NRT,302.78,9.27,D
22.16002,-104.23631,335.17,0.38,0.59,2023-01-08,2048,N,nominal,2.0NRT,300.28,2.38,D
22.34125,-102.05584,336.66,0.53,0.67,2023-01-08,2048,N,nominal,2.0NRT,301.85,4.67,D
22.1601,-104.23829,330.14,0.38,0.59,2023-01-08,2048,N,nominal,2.0NRT,296.59,3.79,D
22.6455,-103.01226,340.61,0.46,0.64,2023-01-08,2048,N,nominal,2.0NRT,304.13,3.72,D
23.09737,-104.99921,334.48,0.35,0.57,2023-01-08,2048,N,nominal,2.0NRT,301.37,2.75,D
23.16224,-105.24272,329.01,0.34,0.56,2023-01-08,2048,N,low,2.0NRT,303.82,3.92,D
23.1613,-105.25261,330.18,0.33,0.56,2023-01-08,2048,N,low,2.0NRT,303.33,3.27,D
24.79643,-107.61514,341.67,0.5,0.49,2023-01-08,2050,N,nominal,2.0NRT,300.03,4.82,D
27.53152,-109.82449,351.29,0.4,0.44,2023-01-08,2050,N,nominal,2.0NRT,304.94,4.9,D
27.5356,-109.82504,345.52,0.4,0.44,2023-01-08,2050,N,nominal,2.0NRT,302.88,4.9,D
27.87311,-109.36847,342.2,0.43,0.46,2023-01-08,2050,N,nominal,2.0NRT,305.58,4.55,D
28.43074,-108.37228,337.56,0.5,0.49,2023-01-08,2050,N,nominal,2.0NRT,285.74,4.25,D
30.49582,-109.62578,340.04,0.44,0.46,2023-01-08,2050,N,nominal,2.0NRT,300.58,6.44,D
30.49535,-109.63038,335.29,0.44,0.46,2023-01-08,2050,N,nominal,2.0NRT,299.55,6.44,D
30.87323,-110.651,332.45,0.39,0.44,2023-01-08,2050,N,nominal,2.0NRT,299.47,1.82,D
30.73587,-112.44382,332.2,0.48,0.4,2023-01-08,2050,N,nominal,2.0NRT,301.97,3.14,D
30.73525,-112.44882,341.92,0.48,0.4,2023-01-08,2050,N,nominal,2.0NRT,302.61,3.85,D
30.78762,-112.9828,337.78,0.46,0.39,2023-01-08,2053,N,nominal,2.0NRT,300.34,4.03,D
30.85268,-112.61275,351.87,0.47,0.4,2023-01-08,2053,N,nominal,2.0NRT,306.41,32.32,D
30.85107,-113.01132,333.23,0.45,0.39,2023-01-08,2053,N,nominal,2.0NRT,299.18,19.12,D
30.84988,-113.02084,336.37,0.45,0.39,2023-01-08,2053,N,nominal,2.0NRT,304.4,146.51,D
30.85347,-113.02144,367,0.45,0.39,2023-01-08,2053,N,low,2.0NRT,335.14,146.51,D
30.88282,-112.87482,333.28,0.46,0.39,2023-01-08,2053,N,nominal,2.0NRT,300.53,28.88,D
32.41233,-101.63605,337.21,0.68,0.74,2023-01-08,2053,N,nominal,2.0NRT,296.57,3.03,D
32.86433,-101.91843,355.91,0.66,0.73,2023-01-08,2053,N,nominal,2.0NRT,292.99,10.84,D
32.86406,-101.92578,350.29,0.66,0.73,2023-01-08,2053,N,nominal,2.0NRT,293.46,10.84,D
32.86508,-101.91965,367,0.66,0.73,2023-01-08,2053,N,high,2.0NRT,292.45,19.22,D
32.86485,-101.92699,336.18,0.66,0.73,2023-01-08,2053,N,nominal,2.0NRT,292.15,11.64,D
32.19548,-114.8488,346.64,0.41,0.37,2023-01-08,2053,N,nominal,2.0NRT,301.05,6.27,D
32.19888,-114.84944,367,0.41,0.37,2023-01-08,2053,N,high,2.0NRT,339.24,84.61,D
32.1983,-114.85376,332.14,0.41,0.37,2023-01-08,2053,N,nominal,2.0NRT,303.6,39.87,D
32.20287,-114.84576,333.99,0.41,0.37,2023-01-08,2053,N,nominal,2.0NRT,300.63,84.61,D
32.20228,-114.85008,367,0.41,0.37,2023-01-08,2053,N,low,2.0NRT,340.95,84.61,D
42.18268,-122.79623,345.29,0.42,0.37,2023-01-08,2053,N,nominal,2.0NRT,285.56,27.76,D
42.18607,-122.79726,352.43,0.42,0.37,2023-01-08,2053,N,nominal,2.0NRT,281.7,27.76,D
42.18522,-122.80201,341.31,0.42,0.37,2023-01-08,2053,N,nominal,2.0NRT,280.05,26.04,D
42.23798,-122.90125,328.51,0.42,0.38,2023-01-08,2053,N,nominal,2.0NRT,276.99,1.96,D
44.68633,-104.29635,339.94,0.57,0.69,2023-01-08,2053,N,nominal,2.0NRT,274.84,7.22,D
44.68537,-104.29861,338.19,0.57,0.69,2023-01-08,2053,N,nominal,2.0NRT,275.11,4.95,D
44.96991,-122.44252,329.96,0.39,0.36,2023-01-08,2055,N,nominal,2.0NRT,275.95,2.26,D
46.27232,-116.62547,332.49,0.48,0.4,2023-01-08,2055,N,nominal,2.0NRT,278.89,7.78,D
47.58217,-112.65562,335.98,0.48,0.48,2023-01-08,2055,N,nominal,2.0NRT,274.1,12.75,D
47.58662,-112.65617,350.84,0.48,0.48,2023-01-08,2055,N,nominal,2.0NRT,279.56,12.75,D
47.59108,-112.65675,340.48,0.48,0.48,2023-01-08,2055,N,nominal,2.0NRT,284.17,26.93,D
47.59061,-112.66322,333.18,0.48,0.48,2023-01-08,2055,N,nominal,2.0NRT,274.55,11.78,D
19.39765,-155.28313,340.34,0.34,0.56,2023-01-09,0009,N,nominal,2.0NRT,308.2,5.92,D
19.40353,-155.27698,367,0.34,0.56,2023-01-09,0009,N,high,2.0NRT,310.45,119.94,D
19.40212,-155.29021,367,0.34,0.56,2023-01-09,0009,N,high,2.0NRT,319.67,74.91,D
19.40488,-155.26419,348.39,0.34,0.56,2023-01-09,0009,N,nominal,2.0NRT,301.63,7.9,D
19.40455,-155.26736,341.42,0.34,0.56,2023-01-09,0009,N,nominal,2.0NRT,304.06,10.09,D
19.40387,-155.27374,345.07,0.34,0.56,2023-01-09,0009,N,nominal,2.0NRT,306.26,119.94,D
19.40318,-155.28021,367,0.34,0.56,2023-01-09,0009,N,low,2.0NRT,384.34,350.53,D
19.40284,-155.28348,367,0.34,0.56,2023-01-09,0009,N,low,2.0NRT,383.38,350.53,D
19.40249,-155.2868,355.44,0.34,0.56,2023-01-09,0009,N,low,2.0NRT,339.98,74.91,D
19.4087,-155.27754,367,0.34,0.56,2023-01-09,0009,N,high,2.0NRT,323.68,119.94,D
19.40764,-155.28752,367,0.34,0.56,2023-01-09,0009,N,high,2.0NRT,361.76,74.91,D
19.40835,-155.28082,367,0.34,0.56,2023-01-09,0009,N,low,2.0NRT,377.06,350.53,D
19.408,-155.28415,367,0.34,0.56,2023-01-09,0009,N,low,2.0NRT,378.02,350.53,D
19.40726,-155.29097,367,0.34,0.56,2023-01-09,0009,N,low,2.0NRT,333.24,74.91,D
19.4135,-155.28159,367,0.34,0.56,2023-01-09,0009,N,high,2.0NRT,318.43,17.48,D
19.41313,-155.28499,367,0.34,0.56,2023-01-09,0009,N,high,2.0NRT,337.63,17.48,D
19.41276,-155.28845,367,0.34,0.56,2023-01-09,0009,N,high,2.0NRT,317.61,15.86,D
21.70992,-78.34484,304.87,0.77,0.77,2023-01-09,0557,N,nominal,2.0NRT,287.27,2.18,N
19.73281,-71.39948,310.23,0.52,0.5,2023-01-09,0557,N,nominal,2.0NRT,287.26,1.58,N
18.9252,-70.35267,300.72,0.44,0.46,2023-01-09,0557,N,nominal,2.0NRT,288.3,0.87,N
18.39345,-71.25608,316.25,0.49,0.49,2023-01-09,0557,N,nominal,2.0NRT,288.89,2.84,N
18.39288,-71.25136,304.34,0.49,0.49,2023-01-09,0557,N,nominal,2.0NRT,288.56,1.47,N
45.07315,-83.40332,310.5,0.39,0.36,2023-01-09,0730,N,nominal,2.0NRT,273.56,1.12,N
42.85269,-88.72815,303.36,0.54,0.42,2023-01-09,0730,N,nominal,2.0NRT,267.08,1.28,N
42.29578,-96.57307,295.5,0.43,0.62,2023-01-09,0730,N,nominal,2.0NRT,267.85,0.84,N
41.48428,-90.82707,321.48,0.43,0.46,2023-01-09,0730,N,nominal,2.0NRT,270.05,3.11,N
41.48572,-90.82805,314.22,0.43,0.46,2023-01-09,0730,N,nominal,2.0NRT,268.77,3.39,N
41.48195,-90.83393,335.92,0.43,0.46,2023-01-09,0730,N,nominal,2.0NRT,268.16,3.39,N
41.4777,-90.83463,297.26,0.43,0.46,2023-01-09,0730,N,nominal,2.0NRT,265.54,0.94,N
40.64336,-89.64372,309.1,0.56,0.43,2023-01-09,0730,N,nominal,2.0NRT,269.82,1.98,N
41.0048,-96.15689,304.57,0.4,0.6,2023-01-09,0730,N,nominal,2.0NRT,272.13,0.95,N
39.33208,-81.36373,295.1,0.42,0.37,2023-01-09,0730,N,nominal,2.0NRT,271.92,0.48,N
41.00714,-96.15572,299.78,0.4,0.6,2023-01-09,0730,N,nominal,2.0NRT,272.28,0.73,N
39.48714,-84.35999,295.04,0.38,0.36,2023-01-09,0730,N,nominal,2.0NRT,273.82,1.04,N
39.48465,-84.38834,330.65,0.39,0.36,2023-01-09,0730,N,nominal,2.0NRT,274.43,2.84,N
39.47079,-84.38726,298.4,0.39,0.36,2023-01-09,0730,N,nominal,2.0NRT,271.42,0.85,N
38.9557,-81.92766,328.46,0.41,0.37,2023-01-09,0733,N,nominal,2.0NRT,272.34,3.38,N
38.95234,-81.92865,330.55,0.41,0.37,2023-01-09,0733,N,nominal,2.0NRT,271.24,3.77,N
38.69741,-90.13778,297.29,0.56,0.43,2023-01-09,0733,N,nominal,2.0NRT,273.04,1.39,N
38.69673,-90.13131,303.96,0.56,0.43,2023-01-09,0733,N,nominal,2.0NRT,276.69,1.81,N
38.69084,-90.15213,297.89,0.56,0.43,2023-01-09,0733,N,nominal,2.0NRT,267.89,1.3,N
38.01055,-90.08372,309.04,0.55,0.42,2023-01-09,0733,N,nominal,2.0NRT,272.56,1.93,N
38.01107,-90.08404,301.71,0.55,0.42,2023-01-09,0733,N,nominal,2.0NRT,271.75,1.61,N
37.9666,-90.07876,300.63,0.55,0.42,2023-01-09,0733,N,nominal,2.0NRT,271.24,1.43,N
36.78674,-94.17336,297.29,0.58,0.52,2023-01-09,0733,N,nominal,2.0NRT,270.78,0.63,N
35.93457,-86.37695,306.65,0.39,0.36,2023-01-09,0733,N,nominal,2.0NRT,275.55,0.74,N
35.94688,-89.71505,296.31,0.5,0.41,2023-01-09,0733,N,nominal,2.0NRT,274.91,1.01,N
35.93938,-89.71641,297.41,0.5,0.41,2023-01-09,0733,N,nominal,2.0NRT,274.98,3.61,N
35.93563,-89.71708,326.45,0.5,0.41,2023-01-09,0733,N,nominal,2.0NRT,274.78,3.61,N
35.89748,-89.78154,317.49,0.5,0.41,2023-01-09,0733,N,nominal,2.0NRT,277.51,2.09,N
35.88996,-89.78287,327.28,0.5,0.41,2023-01-09,0733,N,nominal,2.0NRT,273.8,3.52,N
36.52099,-97.84258,306.84,0.46,0.63,2023-01-09,0733,N,nominal,2.0NRT,276.3,1.06,N
35.62225,-87.85743,315.81,0.42,0.38,2023-01-09,0733,N,nominal,2.0NRT,273.03,1.54,N
35.72727,-88.81068,318.68,0.46,0.39,2023-01-09,0733,N,nominal,2.0NRT,276.01,1.73,N
35.65002,-88.42184,295.3,0.44,0.38,2023-01-09,0733,N,nominal,2.0NRT,272.51,0.51,N
36.19394,-95.81346,311.04,0.35,0.57,2023-01-09,0733,N,nominal,2.0NRT,276.65,0.92,N
35.64668,-89.93179,326.13,0.51,0.41,2023-01-09,0733,N,nominal,2.0NRT,276.59,5.25,N
35.64355,-89.93809,296.19,0.51,0.41,2023-01-09,0733,N,nominal,2.0NRT,275.31,1.08,N
34.5445,-83.60111,297.67,0.4,0.37,2023-01-09,0733,N,nominal,2.0NRT,276.33,0.56,N
35.41061,-93.77696,296.69,0.53,0.5,2023-01-09,0733,N,nominal,2.0NRT,272.1,0.61,N
34.64186,-87.09146,297.05,0.4,0.37,2023-01-09,0733,N,nominal,2.0NRT,277.07,0.82,N
34.63726,-87.08349,318.94,0.4,0.37,2023-01-09,0733,N,nominal,2.0NRT,278.43,1.64,N
34.80435,-88.32623,301.07,0.43,0.38,2023-01-09,0733,N,nominal,2.0NRT,273.89,0.95,N
34.80374,-88.32155,299.66,0.43,0.38,2023-01-09,0733,N,nominal,2.0NRT,275.56,0.95,N
34.12858,-84.03181,304.94,0.4,0.37,2023-01-09,0733,N,nominal,2.0NRT,277.31,0.47,N
34.23895,-84.79779,298.65,0.39,0.36,2023-01-09,0733,N,nominal,2.0NRT,278.31,0.7,N
35.13661,-92.35667,315.89,0.44,0.46,2023-01-09,0733,N,nominal,2.0NRT,273.74,1.62,N
35.13469,-92.35944,329.67,0.44,0.46,2023-01-09,0733,N,nominal,2.0NRT,274.95,3.97,N
35.54938,-97.64249,297.45,0.44,0.62,2023-01-09,0733,N,nominal,2.0NRT,275.06,0.62,N
33.72233,-82.58581,298.07,0.44,0.38,2023-01-09,0733,N,nominal,2.0NRT,281.31,0.58,N
34.57375,-92.38415,303.58,0.43,0.46,2023-01-09,0733,N,nominal,2.0NRT,274.14,0.94,N
34.77481,-95.82853,304.31,0.34,0.56,2023-01-09,0733,N,nominal,2.0NRT,276.87,0.84,N
33.61901,-86.52973,312.42,0.39,0.36,2023-01-09,0733,N,nominal,2.0NRT,281.9,1.45,N
33.58282,-86.78088,305.79,0.39,0.36,2023-01-09,0733,N,nominal,2.0NRT,280.65,1.17,N
33.54541,-86.80608,314.87,0.39,0.36,2023-01-09,0733,N,nominal,2.0NRT,280.6,1.66,N
34.14887,-92.03291,296.5,0.41,0.45,2023-01-09,0733,N,nominal,2.0NRT,275.43,0.58,N
33.48346,-86.93481,298.31,0.39,0.36,2023-01-09,0733,N,nominal,2.0NRT,278.98,0.64,N
33.22146,-86.81469,311.91,0.39,0.36,2023-01-09,0733,N,nominal,2.0NRT,281.13,1.38,N
33.21773,-86.78973,308.33,0.39,0.36,2023-01-09,0733,N,nominal,2.0NRT,280.97,1.24,N
33.44711,-88.58084,295.54,0.43,0.38,2023-01-09,0733,N,nominal,2.0NRT,278.83,0.57,N
33.4424,-88.57233,306.56,0.43,0.38,2023-01-09,0733,N,nominal,2.0NRT,278.98,1.36,N
33.43892,-88.57301,314.52,0.43,0.38,2023-01-09,0733,N,nominal,2.0NRT,279.41,1.59,N
33.17895,-86.75945,311.25,0.39,0.36,2023-01-09,0733,N,nominal,2.0NRT,280.2,1.91,N
33.23594,-87.5083,301.31,0.4,0.37,2023-01-09,0733,N,nominal,2.0NRT,281.72,0.74,N
33.22983,-87.51395,322.52,0.4,0.37,2023-01-09,0733,N,nominal,2.0NRT,281.22,2.05,N
33.10418,-86.79926,316.25,0.39,0.36,2023-01-09,0733,N,nominal,2.0NRT,282.68,1.15,N
33.09152,-86.80621,326.93,0.39,0.36,2023-01-09,0733,N,nominal,2.0NRT,282.17,2.04,N
32.17929,-85.02837,296.27,0.39,0.36,2023-01-09,0733,N,nominal,2.0NRT,284.88,0.43,N
33.29762,-96.5313,296.62,0.36,0.57,2023-01-09,0733,N,nominal,2.0NRT,272.51,0.5,N
33.29734,-96.52732,298.84,0.36,0.57,2023-01-09,0733,N,nominal,2.0NRT,272.39,0.5,N
31.91084,-85.94417,309.06,0.38,0.36,2023-01-09,0733,N,nominal,2.0NRT,283.87,0.96,N
32.31217,-90.13451,311.72,0.48,0.4,2023-01-09,0735,N,nominal,2.0NRT,279.11,1.84,N
32.44787,-91.59015,297,0.56,0.43,2023-01-09,0735,N,nominal,2.0NRT,278.21,0.4,N
31.617,-85.91383,313.53,0.38,0.36,2023-01-09,0735,N,nominal,2.0NRT,284.44,1.13,N
31.61453,-85.91728,296.38,0.38,0.36,2023-01-09,0735,N,nominal,2.0NRT,282.94,0.49,N
31.49172,-85.97672,308.04,0.38,0.36,2023-01-09,0735,N,nominal,2.0NRT,284.57,0.73,N
32.45869,-97.03728,314.78,0.38,0.59,2023-01-09,0735,N,nominal,2.0NRT,281.05,1.79,N
32.45825,-97.04395,312.14,0.38,0.59,2023-01-09,0735,N,nominal,2.0NRT,277.06,2.25,N
32.45764,-97.03553,309.24,0.38,0.59,2023-01-09,0735,N,nominal,2.0NRT,278.77,1.22,N
32.4754,-101.64964,296.88,0.7,0.75,2023-01-09,0735,N,nominal,2.0NRT,274.06,1.14,N
32.45293,-101.36838,300.13,0.68,0.74,2023-01-09,0735,N,nominal,2.0NRT,275.55,1.14,N
32.45303,-101.36313,300.28,0.68,0.74,2023-01-09,0735,N,nominal,2.0NRT,275.95,1.81,N
32.4136,-101.64044,321.56,0.7,0.75,2023-01-09,0735,N,nominal,2.0NRT,276.19,3.24,N
32.41622,-101.64487,304.49,0.7,0.75,2023-01-09,0735,N,nominal,2.0NRT,275.01,1.95,N
32.4092,-101.64534,301.33,0.7,0.75,2023-01-09,0735,N,nominal,2.0NRT,273.5,1.95,N
32.38701,-101.61568,307.93,0.7,0.75,2023-01-09,0735,N,nominal,2.0NRT,274.73,1.91,N
32.34758,-101.69581,297.13,0.71,0.75,2023-01-09,0735,N,nominal,2.0NRT,273.46,1.75,N
32.33075,-101.83056,304.08,0.72,0.75,2023-01-09,0735,N,nominal,2.0NRT,275.31,2.84,N
32.3305,-101.8227,317.23,0.72,0.75,2023-01-09,0735,N,nominal,2.0NRT,276.3,2.84,N
32.22519,-101.76394,297.55,0.71,0.75,2023-01-09,0735,N,nominal,2.0NRT,274.88,1.07,N
30.94027,-88.01447,318.36,0.4,0.37,2023-01-09,0735,N,nominal,2.0NRT,286.14,1.58,N
32.04866,-100.68815,301.06,0.61,0.71,2023-01-09,0735,N,nominal,2.0NRT,277.39,0.82,N
32.06891,-101.87179,335.45,0.72,0.76,2023-01-09,0735,N,nominal,2.0NRT,275.23,5.62,N
32.06505,-101.87376,314.23,0.72,0.76,2023-01-09,0735,N,nominal,2.0NRT,274.05,5.36,N
32.06477,-101.86579,305.68,0.72,0.75,2023-01-09,0735,N,nominal,2.0NRT,273.59,3.67,N
31.00746,-89.43885,299.48,0.43,0.38,2023-01-09,0735,N,nominal,2.0NRT,281.4,0.52,N
31.85299,-101.77953,303.71,0.71,0.75,2023-01-09,0735,N,nominal,2.0NRT,276.25,1.73,N
31.6153,-97.08736,315.88,0.38,0.58,2023-01-09,0735,N,nominal,2.0NRT,266.91,1,N
31.61392,-97.08569,296.2,0.37,0.58,2023-01-09,0735,N,nominal,2.0NRT,266.63,0.47,N
31.85544,-101.77725,297.27,0.71,0.75,2023-01-09,0735,N,nominal,2.0NRT,276.01,0.76,N
31.35376,-96.16988,300.24,0.33,0.55,2023-01-09,0735,N,nominal,2.0NRT,272.39,1.04,N
31.35131,-96.16972,303.06,0.33,0.55,2023-01-09,0735,N,nominal,2.0NRT,276.12,0.92,N
30.34302,-88.48964,300.6,0.4,0.37,2023-01-09,0735,N,nominal,2.0NRT,288.76,0.74,N
30.34242,-88.48545,304.68,0.4,0.37,2023-01-09,0735,N,nominal,2.0NRT,290.79,1.56,N
29.27012,-82.12823,315.51,0.52,0.42,2023-01-09,0735,N,nominal,2.0NRT,282.52,1.9,N
30.58482,-91.24132,311.88,0.51,0.41,2023-01-09,0735,N,nominal,2.0NRT,283.2,1.75,N
31.36396,-101.78403,347.16,0.7,0.75,2023-01-09,0735,N,nominal,2.0NRT,278.43,6.77,N
31.36658,-101.78091,323.58,0.7,0.75,2023-01-09,0735,N,nominal,2.0NRT,277.31,2.76,N
31.36688,-101.7886,302.51,0.7,0.75,2023-01-09,0735,N,nominal,2.0NRT,274.51,2.76,N
30.48537,-91.17726,299.13,0.51,0.41,2023-01-09,0735,N,nominal,2.0NRT,288.37,1.75,N
30.48223,-91.1832,298.26,0.51,0.41,2023-01-09,0735,N,nominal,2.0NRT,287.57,2.09,N
30.32857,-91.28043,296.51,0.51,0.41,2023-01-09,0735,N,nominal,2.0NRT,283.76,0.69,N
30.32349,-91.23778,295.71,0.51,0.41,2023-01-09,0735,N,nominal,2.0NRT,284.65,0.79,N
30.18664,-90.99046,300.4,0.49,0.41,2023-01-09,0735,N,nominal,2.0NRT,285.4,1.26,N
30.2612,-93.28718,315.34,0.43,0.46,2023-01-09,0735,N,nominal,2.0NRT,283.79,0.91,N
30.24277,-93.27601,303.43,0.43,0.46,2023-01-09,0735,N,nominal,2.0NRT,288.91,1.89,N
30.1803,-93.32871,299.16,0.44,0.46,2023-01-09,0735,N,nominal,2.0NRT,288.47,1.12,N
30.17508,-93.32024,297.1,0.43,0.46,2023-01-09,0735,N,nominal,2.0NRT,285.8,0.69,N
30.11648,-93.29637,298.88,0.43,0.46,2023-01-09,0735,N,nominal,2.0NRT,282.27,0.33,N
30.11382,-93.29964,306.11,0.43,0.46,2023-01-09,0735,N,nominal,2.0NRT,282.28,0.69,N
30.04873,-93.33665,295.09,0.43,0.46,2023-01-09,0735,N,nominal,2.0NRT,284.72,0.46,N
30.04447,-93.33726,300.26,0.43,0.46,2023-01-09,0735,N,nominal,2.0NRT,284.46,0.64,N
30.07107,-94.07162,297.28,0.48,0.48,2023-01-09,0735,N,nominal,2.0NRT,286.62,1.62,N
30.07056,-94.06662,312.05,0.48,0.48,2023-01-09,0735,N,nominal,2.0NRT,286.62,1.62,N
30.03196,-94.04144,297.68,0.48,0.48,2023-01-09,0735,N,nominal,2.0NRT,281.28,1,N
30.01516,-94.00845,296.59,0.47,0.48,2023-01-09,0735,N,nominal,2.0NRT,285.58,0.58,N
29.96809,-93.89503,300.78,0.47,0.47,2023-01-09,0735,N,nominal,2.0NRT,284.22,0.79,N
29.96761,-93.89014,306.91,0.47,0.47,2023-01-09,0735,N,nominal,2.0NRT,284.38,0.79,N
29.96895,-93.89624,299.56,0.47,0.47,2023-01-09,0735,N,nominal,2.0NRT,283.66,0.67,N
29.96843,-93.89137,314.75,0.47,0.47,2023-01-09,0735,N,nominal,2.0NRT,284.52,1.77,N
29.89181,-93.97147,298.78,0.47,0.48,2023-01-09,0735,N,nominal,2.0NRT,285.77,0.98,N
29.89082,-93.96163,296.51,0.47,0.48,2023-01-09,0735,N,nominal,2.0NRT,286.23,0.98,N
29.88691,-93.96716,295.72,0.47,0.48,2023-01-09,0735,N,nominal,2.0NRT,284.18,1.24,N
29.86581,-93.98008,297.96,0.47,0.48,2023-01-09,0735,N,nominal,2.0NRT,283.92,0.75,N
29.86672,-93.98174,296.64,0.47,0.48,2023-01-09,0735,N,nominal,2.0NRT,284.36,0.63,N
29.83821,-93.96571,295.64,0.47,0.48,2023-01-09,0735,N,nominal,2.0NRT,284.24,0.41,N
29.83381,-93.96632,317.06,0.47,0.48,2023-01-09,0735,N,nominal,2.0NRT,286.4,2.4,N
29.75848,-93.88289,305.34,0.46,0.47,2023-01-09,0735,N,nominal,2.0NRT,285.95,1.54,N
29.75799,-93.87802,305.07,0.46,0.47,2023-01-09,0735,N,nominal,2.0NRT,285.55,1.09,N
29.75751,-93.87318,303.22,0.46,0.47,2023-01-09,0735,N,nominal,2.0NRT,284.21,1.09,N
29.75361,-93.87863,297.11,0.46,0.47,2023-01-09,0735,N,nominal,2.0NRT,285.44,0.89,N
29.75899,-93.88424,295.7,0.46,0.47,2023-01-09,0735,N,nominal,2.0NRT,285.4,0.89,N
29.75847,-93.87937,306.76,0.46,0.47,2023-01-09,0735,N,nominal,2.0NRT,286.43,0.89,N
29.75795,-93.87453,299.59,0.46,0.47,2023-01-09,0735,N,nominal,2.0NRT,284.15,0.77,N
29.75744,-93.86971,301.7,0.46,0.47,2023-01-09,0735,N,nominal,2.0NRT,284.42,0.77,N
29.75409,-93.87997,309.23,0.46,0.47,2023-01-09,0735,N,nominal,2.0NRT,286.65,1.47,N
29.75645,-95.02263,299.99,0.54,0.51,2023-01-09,0735,N,nominal,2.0NRT,283.14,1.62,N
29.75593,-95.01695,314.33,0.54,0.51,2023-01-09,0735,N,nominal,2.0NRT,287.03,1.61,N
29.75542,-95.01129,301.62,0.54,0.51,2023-01-09,0735,N,nominal,2.0NRT,285,1.61,N
29.75462,-95.01948,318.98,0.54,0.51,2023-01-09,0735,N,nominal,2.0NRT,284.73,2.75,N
29.75407,-95.0138,304.86,0.54,0.51,2023-01-09,0735,N,nominal,2.0NRT,285.75,1.53,N
29.74468,-95.01501,295.38,0.54,0.51,2023-01-09,0735,N,nominal,2.0NRT,282.79,1.84,N
29.74304,-94.99809,296.93,0.54,0.51,2023-01-09,0735,N,nominal,2.0NRT,285.61,2.86,N
29.74093,-95.12498,312.73,0.55,0.51,2023-01-09,0735,N,nominal,2.0NRT,283.9,1.76,N
29.7262,-95.12099,296.03,0.55,0.51,2023-01-09,0735,N,nominal,2.0NRT,283.54,1.1,N
29.71782,-95.13367,305.54,0.55,0.51,2023-01-09,0735,N,nominal,2.0NRT,281.08,1.6,N
29.68167,-98.18484,304.23,0.42,0.61,2023-01-09,0735,N,nominal,2.0NRT,281.03,0.9,N
29.3768,-94.93983,307.58,0.53,0.5,2023-01-09,0735,N,nominal,2.0NRT,289.61,1.7,N
29.37521,-94.92329,301.59,0.53,0.5,2023-01-09,0735,N,nominal,2.0NRT,288.62,1.35,N
29.36898,-94.90743,305.04,0.53,0.5,2023-01-09,0735,N,nominal,2.0NRT,287.28,2.36,N
29.5797,-98.03355,304.47,0.41,0.6,2023-01-09,0735,N,nominal,2.0NRT,281.38,1.34,N
29.57646,-98.03368,327.15,0.41,0.6,2023-01-09,0735,N,nominal,2.0NRT,282.59,3.52,N
28.98687,-95.412,296.17,0.56,0.51,2023-01-09,0735,N,nominal,2.0NRT,284.13,1.02,N
28.42298,-99.21194,306.35,0.47,0.64,2023-01-09,0735,N,nominal,2.0NRT,278.08,0.86,N
28.24749,-100.05479,301.21,0.52,0.67,2023-01-09,0735,N,nominal,2.0NRT,282.32,0.88,N
28.24972,-100.05247,295.3,0.52,0.67,2023-01-09,0735,N,nominal,2.0NRT,282.17,0.88,N
27.83114,-97.49404,298.6,0.36,0.58,2023-01-09,0735,N,nominal,2.0NRT,284.41,1.13,N
27.80734,-97.59948,355.47,0.37,0.58,2023-01-09,0735,N,nominal,2.0NRT,284.18,12.59,N
27.80703,-97.59566,355.88,0.37,0.58,2023-01-09,0735,N,nominal,2.0NRT,286.17,9.93,N
23.0849,-81.26931,301.23,0.5,0.49,2023-01-09,0737,N,nominal,2.0NRT,288.19,0.53,N
25.60304,-100.91974,301.58,0.56,0.69,2023-01-09,0737,N,nominal,2.0NRT,280.3,1.37,N
25.60804,-100.92317,297.85,0.56,0.69,2023-01-09,0737,N,nominal,2.0NRT,279.66,0.59,N
25.60161,-100.92361,295.62,0.56,0.69,2023-01-09,0737,N,nominal,2.0NRT,281.1,1.24,N
22.13678,-78.33524,312.76,0.4,0.6,2023-01-09,0737,N,nominal,2.0NRT,288.75,0.92,N
22.13592,-78.33138,302.51,0.4,0.6,2023-01-09,0737,N,nominal,2.0NRT,288.49,0.92,N
22.96605,-82.52283,300.01,0.43,0.46,2023-01-09,0737,N,nominal,2.0NRT,288.02,0.77,N
22.96271,-82.52788,298.46,0.42,0.46,2023-01-09,0737,N,nominal,2.0NRT,287.64,0.77,N
21.70884,-78.34522,322.68,0.41,0.6,2023-01-09,0737,N,nominal,2.0NRT,289.08,1.34,N
21.87443,-79.24855,304.95,0.35,0.57,2023-01-09,0737,N,nominal,2.0NRT,287.45,0.85,N
22.57253,-83.34347,299.79,0.39,0.44,2023-01-09,0737,N,nominal,2.0NRT,288.52,0.44,N
22.37527,-83.27921,302.8,0.39,0.44,2023-01-09,0737,N,nominal,2.0NRT,290.12,0.79,N
22.37454,-83.27541,305.15,0.39,0.44,2023-01-09,0737,N,nominal,2.0NRT,289.69,0.79,N
22.35668,-83.29128,302.18,0.39,0.44,2023-01-09,0737,N,nominal,2.0NRT,290.52,0.46,N
21.77791,-83.00636,306.85,0.42,0.45,2023-01-09,0737,N,nominal,2.0NRT,291.55,2.08,N
21.77714,-83.00238,313.65,0.42,0.45,2023-01-09,0737,N,nominal,2.0NRT,291.28,1.11,N
21.77559,-82.9944,302.9,0.42,0.45,2023-01-09,0737,N,nominal,2.0NRT,291.28,0.9,N
21.77302,-83.0033,313.72,0.42,0.45,2023-01-09,0737,N,nominal,2.0NRT,291.83,1.11,N
21.77224,-82.99933,303.67,0.42,0.45,2023-01-09,0737,N,nominal,2.0NRT,291.58,1.11,N
21.76554,-83.00908,315.28,0.42,0.45,2023-01-09,0737,N,nominal,2.0NRT,292.42,1.69,N
22.98343,-102.66795,314.04,0.68,0.74,2023-01-09,0735,N,nominal,2.0NRT,275.87,4.63,N
22.97651,-102.66846,308.42,0.68,0.74,2023-01-09,0735,N,nominal,2.0NRT,273.69,2.9,N
22.26598,-97.81062,330.46,0.33,0.55,2023-01-09,0735,N,nominal,2.0NRT,290.41,1.82,N
22.26564,-97.80738,317.36,0.33,0.55,2023-01-09,0735,N,nominal,2.0NRT,289.91,1.82,N
22.26085,-97.81125,311.2,0.33,0.55,2023-01-09,0735,N,nominal,2.0NRT,289.73,1.82,N
22.22673,-101.05206,335.53,0.53,0.67,2023-01-09,0735,N,nominal,2.0NRT,281.84,6.05,N
20.46002,-97.54914,295.96,0.6,0.53,2023-01-09,0735,N,nominal,2.0NRT,283.54,0.99,N
20.81486,-102.5803,326.25,0.64,0.72,2023-01-09,0735,N,nominal,2.0NRT,280.26,11.69,N
20.81437,-102.57391,367,0.64,0.72,2023-01-09,0735,N,high,2.0NRT,282.7,11.69,N
20.80809,-102.58079,296.8,0.64,0.72,2023-01-09,0735,N,nominal,2.0NRT,278.66,1.55,N
20.80761,-102.57439,300.31,0.64,0.72,2023-01-09,0735,N,nominal,2.0NRT,277.99,1.55,N
20.81269,-102.57893,344.44,0.64,0.72,2023-01-09,0735,N,nominal,2.0NRT,281.66,19.66,N
20.81216,-102.57256,350.65,0.64,0.72,2023-01-09,0735,N,nominal,2.0NRT,281.4,15.26,N
19.59303,-92.20361,316.86,0.44,0.38,2023-01-09,0735,N,nominal,2.0NRT,292.6,3.85,N
19.60182,-92.29212,330.3,0.44,0.38,2023-01-09,0735,N,nominal,2.0NRT,292.54,4.11,N
19.5895,-92.20416,307.05,0.44,0.38,2023-01-09,0735,N,nominal,2.0NRT,291.75,2.68,N
19.56591,-92.24057,329.49,0.44,0.38,2023-01-09,0735,N,nominal,2.0NRT,293.02,5.01,N
19.56531,-92.2364,321.26,0.44,0.38,2023-01-09,0735,N,nominal,2.0NRT,292.58,5.01,N
20.58076,-101.17735,320.2,0.52,0.67,2023-01-09,0735,N,nominal,2.0NRT,284.41,3.2,N
20.5803,-101.17226,319.91,0.52,0.67,2023-01-09,0735,N,nominal,2.0NRT,284.15,3.2,N
20.52704,-100.92523,303.76,0.5,0.66,2023-01-09,0735,N,nominal,2.0NRT,283.39,1.98,N
20.38342,-99.69142,299.76,0.41,0.61,2023-01-09,0735,N,nominal,2.0NRT,279.1,1.05,N
20.60139,-103.34797,297.79,0.71,0.75,2023-01-09,0735,N,nominal,2.0NRT,283.46,1.41,N
20.60323,-103.34781,297.28,0.71,0.75,2023-01-09,0735,N,nominal,2.0NRT,283.61,1.97,N
19.30148,-92.20365,307.43,0.44,0.38,2023-01-09,0735,N,nominal,2.0NRT,291.65,3.18,N
19.29618,-92.16647,305.44,0.43,0.38,2023-01-09,0735,N,nominal,2.0NRT,291.28,6.04,N
19.29326,-92.17117,332.24,0.43,0.38,2023-01-09,0735,N,nominal,2.0NRT,294.12,6.04,N
19.29267,-92.16704,307.29,0.43,0.38,2023-01-09,0735,N,nominal,2.0NRT,291.86,6.04,N
20.00854,-98.0694,315.45,0.32,0.55,2023-01-09,0735,N,nominal,2.0NRT,276.39,1.25,N
19.24051,-92.25402,308.46,0.44,0.38,2023-01-09,0735,N,nominal,2.0NRT,291.65,4.18,N
20.04994,-99.29318,315.34,0.39,0.59,2023-01-09,0735,N,nominal,2.0NRT,278.25,1.29,N
20.04841,-99.27792,296.04,0.39,0.59,2023-01-09,0735,N,nominal,2.0NRT,283.8,1.56,N
20.03155,-99.27554,312.72,0.39,0.59,2023-01-09,0735,N,nominal,2.0NRT,279.11,2.72,N
20.03118,-99.27178,306.15,0.39,0.59,2023-01-09,0735,N,nominal,2.0NRT,279.92,1.67,N
19.99762,-99.21171,310.58,0.38,0.59,2023-01-09,0735,N,nominal,2.0NRT,281.71,1.68,N
19.99628,-99.21087,308.66,0.38,0.59,2023-01-09,0735,N,nominal,2.0NRT,281.07,1.73,N
19.99251,-100.56941,300.41,0.47,0.64,2023-01-09,0735,N,nominal,2.0NRT,281.26,0.75,N
19.74638,-98.60371,305.56,0.35,0.56,2023-01-09,0735,N,nominal,2.0NRT,276.24,1.48,N
19.34459,-96.70791,314.25,0.51,0.5,2023-01-09,0735,N,nominal,2.0NRT,288.31,2.92,N
18.64617,-92.17416,322.78,0.43,0.38,2023-01-09,0737,N,nominal,2.0NRT,291,5.64,N
18.64559,-92.1701,339.18,0.43,0.38,2023-01-09,0737,N,nominal,2.0NRT,292.03,5.64,N
19.18214,-96.23988,299.01,0.48,0.48,2023-01-09,0737,N,nominal,2.0NRT,288.2,0.7,N
19.1777,-96.24046,303.37,0.48,0.48,2023-01-09,0737,N,nominal,2.0NRT,288.53,1.02,N
19.17716,-96.23592,301.16,0.48,0.48,2023-01-09,0737,N,nominal,2.0NRT,288.47,1.02,N
18.64268,-92.17471,314.7,0.43,0.38,2023-01-09,0737,N,nominal,2.0NRT,290.42,1.4,N
18.6421,-92.17065,315.05,0.43,0.38,2023-01-09,0737,N,nominal,2.0NRT,290.32,1.4,N
19.674,-103.37821,304.91,0.7,0.75,2023-01-09,0737,N,nominal,2.0NRT,285.46,1.37,N
19.17543,-98.32178,323.84,0.33,0.55,2023-01-09,0737,N,nominal,2.0NRT,277.56,1.6,N
18.96933,-97.96428,296.71,0.61,0.54,2023-01-09,0737,N,nominal,2.0NRT,282.01,1.08,N
18.87112,-97.66178,299.74,0.59,0.53,2023-01-09,0737,N,nominal,2.0NRT,281.59,1.58,N
18.96853,-99.07574,297.18,0.36,0.58,2023-01-09,0737,N,nominal,2.0NRT,285.06,0.53,N
18.50675,-96.14683,351.45,0.46,0.47,2023-01-09,0737,N,nominal,2.0NRT,284.27,8.97,N
18.77185,-98.71913,310.68,0.34,0.56,2023-01-09,0737,N,nominal,2.0NRT,281.98,0.81,N
18.77149,-98.71574,300.07,0.34,0.56,2023-01-09,0737,N,nominal,2.0NRT,281.72,0.81,N
18.77165,-98.71843,318.98,0.34,0.56,2023-01-09,0737,N,nominal,2.0NRT,282.26,1.62,N
18.06709,-93.31236,336.42,0.47,0.4,2023-01-09,0737,N,nominal,2.0NRT,291.08,4.34,N
18.06343,-93.31292,328.25,0.47,0.4,2023-01-09,0737,N,nominal,2.0NRT,289.89,3.22,N
18.70545,-98.74006,303.04,0.34,0.56,2023-01-09,0737,N,nominal,2.0NRT,284.12,0.85,N
18.11133,-94.39566,317,0.54,0.42,2023-01-09,0737,N,nominal,2.0NRT,290.4,2.69,N
18.1013,-94.35036,330.26,0.53,0.42,2023-01-09,0737,N,nominal,2.0NRT,291.17,3.93,N
18.10062,-94.34528,302.98,0.53,0.42,2023-01-09,0737,N,nominal,2.0NRT,287.63,3.93,N
17.94402,-93.28368,312.01,0.47,0.4,2023-01-09,0737,N,nominal,2.0NRT,290.01,1.32,N
17.90447,-93.18618,315.51,0.46,0.39,2023-01-09,0737,N,nominal,2.0NRT,287.61,2.3,N
17.90387,-93.1818,303.26,0.46,0.39,2023-01-09,0737,N,nominal,2.0NRT,287.94,1.65,N
17.90084,-93.18674,323.8,0.46,0.39,2023-01-09,0737,N,nominal,2.0NRT,287.58,1.23,N
17.90145,-93.19111,303.49,0.46,0.39,2023-01-09,0737,N,nominal,2.0NRT,286.85,1.23,N
17.90024,-93.18236,316.15,0.46,0.39,2023-01-09,0737,N,nominal,2.0NRT,286.64,0.98,N
17.89963,-93.17798,304.69,0.46,0.39,2023-01-09,0737,N,nominal,2.0NRT,284.16,0.98,N
17.89782,-93.19166,300.53,0.46,0.39,2023-01-09,0737,N,nominal,2.0NRT,283.18,1.23,N
17.89722,-93.18729,305.84,0.46,0.39,2023-01-09,0737,N,nominal,2.0NRT,282.08,1.23,N
17.89661,-93.18291,302.5,0.46,0.39,2023-01-09,0737,N,nominal,2.0NRT,280.21,0.98,N
17.89601,-93.17854,302.62,0.46,0.39,2023-01-09,0737,N,nominal,2.0NRT,280.87,0.98,N
17.8954,-93.17416,318.74,0.46,0.39,2023-01-09,0737,N,nominal,2.0NRT,279.95,1.87,N
17.89359,-93.18784,301.98,0.46,0.39,2023-01-09,0737,N,nominal,2.0NRT,278.75,1.05,N
17.89178,-93.17471,306.37,0.46,0.39,2023-01-09,0737,N,nominal,2.0NRT,278.18,1.3,N
17.91612,-93.37898,325.65,0.47,0.4,2023-01-09,0737,N,nominal,2.0NRT,289.95,2.66,N
17.91245,-93.37955,303.27,0.47,0.4,2023-01-09,0737,N,nominal,2.0NRT,288.93,1.13,N
17.91086,-93.5201,329.09,0.48,0.4,2023-01-09,0737,N,nominal,2.0NRT,286.53,2.76,N
17.9115,-93.52466,301.75,0.48,0.4,2023-01-09,0737,N,nominal,2.0NRT,288.27,2.76,N
17.9863,-94.53043,314.65,0.55,0.42,2023-01-09,0737,N,nominal,2.0NRT,290.3,2.35,N
17.98239,-94.53104,315.18,0.55,0.42,2023-01-09,0737,N,nominal,2.0NRT,290.41,2.94,N
17.9778,-94.52648,325.65,0.55,0.42,2023-01-09,0737,N,nominal,2.0NRT,290.49,2.94,N
17.97389,-94.52708,320.23,0.55,0.42,2023-01-09,0737,N,nominal,2.0NRT,290.69,3.62,N
17.97322,-94.52192,327.76,0.54,0.42,2023-01-09,0737,N,nominal,2.0NRT,290.85,2.37,N
17.97255,-94.51677,318.58,0.54,0.42,2023-01-09,0737,N,nominal,2.0NRT,289.79,2.37,N
17.96931,-94.52251,312.79,0.54,0.42,2023-01-09,0737,N,nominal,2.0NRT,289.7,2.37,N
17.96864,-94.51735,315.08,0.54,0.42,2023-01-09,0737,N,nominal,2.0NRT,289.43,2.37,N
19.00927,-104.26358,317.5,0.78,0.78,2023-01-09,0737,N,nominal,2.0NRT,290.21,2.16,N
17.94353,-102.21055,303.17,0.56,0.69,2023-01-09,0737,N,nominal,2.0NRT,291.19,0.78,N
