latitude,longitude,brightness,scan,track,acq_date,acq_time,satellite,confidence,version,bright_t31,frp,daynight
20.04396,-76.77427,300.69,1.13,1.06,2023-02-01,0314,T,32,6.1NRT,289.87,5.64,N
20.5564,-75.95839,310.71,1.27,1.12,2023-02-01,0314,T,81,6.1NRT,291.93,13.78,N
20.55494,-75.97038,304.98,1.26,1.12,2023-02-01,0314,T,62,6.1NRT,291.93,8.41,N
20.56486,-75.97179,322.06,1.26,1.12,2023-02-01,0314,T,100,6.1NRT,292.23,27.36,N
20.73287,-76.25877,305.32,1.22,1.1,2023-02-01,0314,T,44,6.1NRT,291.55,7.89,N
20.74264,-76.26015,308.07,1.22,1.1,2023-02-01,0314,T,73,6.1NRT,291.55,10.18,N
20.89677,-78.11179,302.9,1.03,1.02,2023-02-01,0314,T,52,6.1NRT,292.78,4.54,N
20.89548,-78.12155,308.14,1.03,1.02,2023-02-01,0314,T,74,6.1NRT,293.12,7.96,N
21.05591,-78.02274,304.12,1.04,1.02,2023-02-01,0314,T,59,6.1NRT,293.01,5.31,N
21.06494,-78.02415,321.23,1.04,1.02,2023-02-01,0314,T,100,6.1NRT,293.02,19.34,N
21.23698,-78.38779,304.15,1.02,1.01,2023-02-01,0314,T,59,6.1NRT,292.27,5.7,N
21.23568,-78.39748,305.83,1.02,1.01,2023-02-01,0314,T,66,6.1NRT,291.77,6.7,N
21.30033,-78.18903,303.14,1.03,1.02,2023-02-01,0314,T,53,6.1NRT,292.43,5.03,N
21.29902,-78.19882,308.28,1.03,1.02,2023-02-01,0314,T,74,6.1NRT,292.84,8.37,N
21.59262,-78.27322,305.95,1.03,1.02,2023-02-01,0314,T,66,6.1NRT,292.89,6.89,N
21.71199,-78.34414,306.85,1.03,1.01,2023-02-01,0314,T,69,6.1NRT,293.01,7.52,N
21.70438,-79.07692,313.99,1,1,2023-02-01,0314,T,88,6.1NRT,293.36,11.63,N
21.83272,-79.14305,322.51,1,1,2023-02-01,0314,T,100,6.1NRT,293.43,19.79,N
22.38004,-80.73104,307.57,1.03,1.01,2023-02-01,0314,T,72,6.1NRT,293.64,7.63,N
22.37858,-80.74084,308.25,1.03,1.01,2023-02-01,0314,T,74,6.1NRT,293.64,8.11,N
22.48028,-80.36015,319.36,1.01,1.01,2023-02-01,0317,T,98,6.1NRT,292.96,17.31,N
22.47888,-80.36978,308.98,1.01,1.01,2023-02-01,0317,T,76,6.1NRT,292.6,8.74,N
22.73859,-81.29875,307.21,1.06,1.03,2023-02-01,0317,T,71,6.1NRT,292.46,8.18,N
22.84153,-82.83366,304.62,1.24,1.1,2023-02-01,0317,T,61,6.1NRT,292.14,8.29,N
22.83965,-82.84541,322.85,1.24,1.11,2023-02-01,0317,T,100,6.1NRT,292.7,28.38,N
33.41957,-110.86527,337.11,1.28,1.12,2023-02-01,0457,T,100,6.1NRT,277,63.34,N
17.8981,-93.18781,302.39,4.08,1.87,2023-02-01,0455,T,49,6.1NRT,288.24,41.32,N
17.91567,-93.52413,302.66,3.85,1.83,2023-02-01,0455,T,51,6.1NRT,290.53,32.15,N
17.90652,-93.53024,302.12,3.85,1.83,2023-02-01,0455,T,47,6.1NRT,290.59,29.65,N
18.55806,-103.59678,307.38,1,1,2023-02-01,0455,T,71,6.1NRT,292.44,7.6,N
20.4687,-103.1703,309.97,1.01,1.01,2023-02-01,0455,T,79,6.1NRT,285.54,12.57,N
20.69642,-101.58628,317.72,1.14,1.06,2023-02-01,0455,T,96,6.1NRT,286.48,21.06,N
20.69504,-101.59705,318.56,1.14,1.06,2023-02-01,0455,T,97,6.1NRT,286.78,22.21,N
18.3629,-71.23125,303.44,1.31,1.13,2023-02-01,0626,A,55,6.1NRT,290.98,8.87,N
18.06457,-93.30937,303.32,1.01,1.01,2023-02-01,0805,A,54,6.1NRT,293.3,4.74,N
17.89934,-92.49484,303.69,1,1,2023-02-01,0805,A,56,6.1NRT,293.27,4.13,N
17.89796,-92.48554,323.72,1,1,2023-02-01,0805,A,100,6.1NRT,294.22,20.32,N
17.90669,-93.17614,306.24,1.01,1,2023-02-01,0805,A,67,6.1NRT,293.88,5.97,N
17.89911,-93.1869,319.07,1.01,1,2023-02-01,0805,A,98,6.1NRT,294.48,15.85,N
17.89775,-93.17753,312.26,1.01,1,2023-02-01,0805,A,84,6.1NRT,293.68,9.92,N
17.91731,-93.37646,308.56,1.02,1.01,2023-02-01,0805,A,75,6.1NRT,292.79,8.29,N
17.84433,-93.12556,303.48,1.01,1,2023-02-01,0805,A,55,6.1NRT,293.23,4.34,N
17.84296,-93.11622,353.79,1.01,1,2023-02-01,0805,A,100,6.1NRT,294.79,70.45,N
17.8416,-93.10687,324.29,1.01,1,2023-02-01,0805,A,100,6.1NRT,293.39,21.17,N
17.87062,-93.49674,309.12,1.02,1.01,2023-02-01,0805,A,76,6.1NRT,292.65,8.93,N
18.96203,-72.54967,312.68,1.28,1.12,2023-02-01,1524,T,53,6.1NRT,299.81,8.62,D
18.47909,-74.16231,318.38,1.08,1.04,2023-02-01,1524,T,71,6.1NRT,300.79,12.5,D
18.47743,-74.1516,316.03,1.08,1.04,2023-02-01,1524,T,68,6.1NRT,301.07,10.67,D
17.93542,-77.30536,319.76,1.04,1.02,2023-02-01,1524,T,71,6.1NRT,301.78,9.73,D
17.94366,-77.7598,315.74,1.08,1.04,2023-02-01,1524,T,62,6.1NRT,301.85,7.17,D
39.01343,-78.35137,302.35,2.09,1.41,2023-02-01,1520,T,52,6.1NRT,275.11,26.65,D
28.70231,-82.0274,316.5,2.78,1.59,2023-02-01,1522,T,66,6.1NRT,294.86,47.93,D
26.98986,-80.41743,312.04,2.02,1.39,2023-02-01,1524,T,63,6.1NRT,295.05,18.34,D
26.67987,-80.5816,312.51,2.06,1.4,2023-02-01,1524,T,48,6.1NRT,295.06,14.41,D
22.02586,-78.1668,317.84,1.24,1.1,2023-02-01,1524,T,71,6.1NRT,299.15,12.66,D
22.02435,-78.15508,315.32,1.23,1.1,2023-02-01,1524,T,67,6.1NRT,300,10.19,D
21.86051,-78.13666,313.59,1.23,1.1,2023-02-01,1524,T,62,6.1NRT,300.39,6.79,D
21.85751,-78.13191,316.71,1.22,1.1,2023-02-01,1524,T,69,6.1NRT,300.62,10.34,D
21.90226,-78.63903,336.84,1.31,1.14,2023-02-01,1524,T,88,6.1NRT,299.73,45.46,D
21.9007,-78.62661,316.18,1.31,1.13,2023-02-01,1524,T,47,6.1NRT,297.95,9.4,D
21.8922,-78.64041,359.1,1.31,1.14,2023-02-01,1524,T,99,6.1NRT,298.51,113.49,D
21.89065,-78.62799,318.49,1.31,1.13,2023-02-01,1524,T,69,6.1NRT,298.86,12.73,D
21.69111,-77.71317,321.87,1.16,1.07,2023-02-01,1524,T,75,6.1NRT,296.94,18.62,D
21.83193,-79.15221,314.62,1.41,1.17,2023-02-01,1524,T,65,6.1NRT,300.67,10.11,D
21.82152,-79.15363,366.43,1.41,1.17,2023-02-01,1524,T,100,6.1NRT,302.28,161.11,D
21.81993,-79.1403,330.56,1.4,1.17,2023-02-01,1524,T,84,6.1NRT,300.78,36.68,D
21.60756,-78.15609,314.34,1.22,1.1,2023-02-01,1524,T,62,6.1NRT,300.78,8.62,D
21.6061,-78.14455,311.86,1.22,1.1,2023-02-01,1524,T,44,6.1NRT,298.1,6.29,D
21.71092,-79.08102,318.84,1.39,1.17,2023-02-01,1524,T,70,6.1NRT,301.14,14.64,D
21.70935,-79.06787,332.44,1.39,1.17,2023-02-01,1524,T,85,6.1NRT,301.67,39.76,D
21.69903,-79.06927,328.18,1.39,1.17,2023-02-01,1524,T,82,6.1NRT,301.93,30.41,D
21.70241,-79.07492,328.62,1.39,1.17,2023-02-01,1524,T,82,6.1NRT,303.03,31.66,D
21.70077,-79.06181,316.26,1.38,1.16,2023-02-01,1524,T,35,6.1NRT,300.93,10.77,D
21.38261,-78.24211,313.87,1.23,1.1,2023-02-01,1524,T,61,6.1NRT,299.25,7.89,D
21.02795,-78.34104,315.02,1.23,1.1,2023-02-01,1524,T,59,6.1NRT,299.94,8.42,D
21.02645,-78.32945,314.86,1.23,1.1,2023-02-01,1524,T,59,6.1NRT,301.33,8.16,D
20.5296,-75.57365,310.77,1,1,2023-02-01,1524,T,39,6.1NRT,292.3,6.76,D
20.82046,-77.9353,337.35,1.17,1.07,2023-02-01,1524,T,88,6.1NRT,301.78,40.4,D
19.26773,-72.22183,314.12,1.32,1.14,2023-02-01,1524,T,51,6.1NRT,301.35,6.24,D
23.29394,-103.04098,315.89,1.31,1.14,2023-02-01,1702,T,70,6.1NRT,298.2,11.23,D
21.59389,-104.87073,310.97,1.64,1.26,2023-02-01,1704,T,53,6.1NRT,298.63,9.39,D
21.59369,-104.87669,312.71,1.64,1.26,2023-02-01,1704,T,60,6.1NRT,298.21,13.05,D
21.4467,-104.88462,315.21,1.64,1.26,2023-02-01,1704,T,66,6.1NRT,300.49,12.94,D
19.29188,-92.16804,312.17,2.9,1.62,2023-02-01,1704,T,53,6.1NRT,292.49,42.71,D
20.56129,-100.25618,310.06,1,1,2023-02-01,1704,T,6,6.1NRT,296.36,2.85,D
20.63623,-101.11031,314.47,1.03,1.01,2023-02-01,1704,T,59,6.1NRT,301.56,6.14,D
20.69364,-101.58902,312,1.06,1.03,2023-02-01,1704,T,38,6.1NRT,296.75,6.45,D
20.919,-103.44884,317.29,1.3,1.13,2023-02-01,1704,T,68,6.1NRT,302.22,12.34,D
20.669,-102.15489,314.79,1.11,1.05,2023-02-01,1704,T,62,6.1NRT,301.35,6.12,D
20.8606,-103.71728,316.16,1.34,1.15,2023-02-01,1704,T,49,6.1NRT,304.06,8.75,D
20.43661,-102.0042,316.13,1.09,1.04,2023-02-01,1704,T,65,6.1NRT,300.67,6.78,D
20.23776,-100.57153,316.18,1,1,2023-02-01,1704,T,65,6.1NRT,302.09,6.68,D
20.04829,-99.28828,316.44,1.02,1.01,2023-02-01,1704,T,44,6.1NRT,298.98,9.06,D
19.52404,-97.47041,316.31,1.22,1.1,2023-02-01,1704,T,37,6.1NRT,303.32,8.21,D
20.20709,-102.14043,327.03,1.1,1.04,2023-02-01,1704,T,81,6.1NRT,302.6,19.69,D
20.2057,-102.13014,379.41,1.09,1.04,2023-02-01,1704,T,100,6.1NRT,308.54,163.53,D
20.19649,-102.13148,334.27,1.09,1.04,2023-02-01,1704,T,86,6.1NRT,299.55,30.93,D
19.61194,-99.21638,310.07,1.03,1.02,2023-02-01,1704,T,47,6.1NRT,295.75,4.1,D
20.00553,-102.62588,315.16,1.14,1.07,2023-02-01,1704,T,68,6.1NRT,302.36,7.06,D
19.12249,-96.77208,312.69,1.35,1.15,2023-02-01,1704,T,59,6.1NRT,298.57,7.89,D
19.834,-101.90011,314.41,1.07,1.03,2023-02-01,1704,T,69,6.1NRT,298.2,7.57,D
19.83267,-101.8904,313.98,1.07,1.03,2023-02-01,1704,T,68,6.1NRT,298.15,7.43,D
19.22083,-99.56535,313.05,1.02,1.01,2023-02-01,1704,T,67,6.1NRT,299.88,5.5,D
18.72112,-96.45561,314.12,1.44,1.19,2023-02-01,1704,T,65,6.1NRT,298.19,7.93,D
18.73985,-96.76079,313.65,1.37,1.16,2023-02-01,1704,T,64,6.1NRT,298.89,8.29,D
19.02088,-98.62125,326.61,1.09,1.04,2023-02-01,1704,T,0,6.1NRT,299.51,24.11,D
18.20719,-94.00001,312.79,2.22,1.44,2023-02-01,1704,T,61,6.1NRT,293.65,22.1,D
18.97387,-98.97193,330.69,1.06,1.03,2023-02-01,1704,T,85,6.1NRT,303.81,23.95,D
17.89759,-93.18423,310.35,2.6,1.55,2023-02-01,1704,T,60,6.1NRT,295.27,18.76,D
19.62365,-104.441,315.02,1.44,1.19,2023-02-01,1704,T,47,6.1NRT,300.12,11.02,D
19.30395,-101.93306,311.95,1.06,1.03,2023-02-01,1704,T,60,6.1NRT,299.43,5.16,D
18.42165,-96.22893,312.61,1.51,1.21,2023-02-01,1704,T,64,6.1NRT,293.93,10.98,D
19.61847,-104.4484,317.59,1.44,1.19,2023-02-01,1704,T,63,6.1NRT,300.92,14.85,D
19.26919,-101.94516,311.54,1.06,1.03,2023-02-01,1704,T,53,6.1NRT,299.24,4.18,D
18.8104,-98.99046,321.23,1.06,1.03,2023-02-01,1704,T,75,6.1NRT,301.95,12.91,D
18.67024,-98.38046,331.51,1.12,1.06,2023-02-01,1704,T,84,6.1NRT,301.94,28.32,D
18.56779,-98.49888,313.91,1.11,1.05,2023-02-01,1704,T,62,6.1NRT,299.68,6.62,D
18.56619,-98.48864,315.47,1.11,1.05,2023-02-01,1704,T,66,6.1NRT,299.91,8.22,D
19.27673,-103.52672,320.61,1.25,1.11,2023-02-01,1704,T,74,6.1NRT,301.81,14.34,D
19.12453,-103.53771,319.35,1.25,1.11,2023-02-01,1704,T,72,6.1NRT,300.49,12.88,D
18.5017,-99.14593,319.95,1.05,1.03,2023-02-01,1704,T,72,6.1NRT,303.19,10.03,D
18.24938,-103.24899,316.62,1.18,1.08,2023-02-01,1704,T,43,6.1NRT,302.22,10.13,D
17.93317,-102.20786,315.34,1.06,1.03,2023-02-01,1704,T,0,6.1NRT,301.66,6.34,D
17.93181,-102.1981,317.25,1.06,1.03,2023-02-01,1704,T,0,6.1NRT,301.6,7.97,D
17.50401,-101.25685,330.42,1,1,2023-02-01,1704,T,84,6.1NRT,305.63,20.04,D
40.20523,-94.73065,308.9,1,1,2023-02-01,1656,T,68,6.1NRT,273.25,12.62,D
40.12946,-95.1582,308.33,1,1,2023-02-01,1656,T,67,6.1NRT,273.64,12.36,D
40.25453,-96.26136,303.2,1.03,1.01,2023-02-01,1656,T,55,6.1NRT,273.96,9.6,D
38.59247,-92.5761,305.69,1.14,1.06,2023-02-01,1658,T,62,6.1NRT,275.7,12.85,D
41.91835,-121.88573,313.16,1.12,1.06,2023-02-01,1836,T,69,6.1NRT,274.23,19.53,D
39.71955,-121.93797,352.32,1.08,1.04,2023-02-01,1836,T,0,6.1NRT,279.53,79.2,D
39.0258,-121.41342,309.55,1.03,1.02,2023-02-01,1836,T,69,6.1NRT,280.58,12.32,D
39.02424,-121.40172,303.44,1.03,1.02,2023-02-01,1836,T,56,6.1NRT,280.32,8.08,D
38.95926,-122.10017,304.86,1.07,1.03,2023-02-01,1836,T,60,6.1NRT,274.14,10.32,D
38.50591,-122.52294,301.84,1.1,1.05,2023-02-01,1836,T,49,6.1NRT,276.2,8.07,D
37.83303,-120.15104,330.92,1,1,2023-02-01,1836,T,87,6.1NRT,278.02,33,D
37.8314,-120.13998,324.02,1,1,2023-02-01,1836,T,83,6.1NRT,277.14,24.7,D
36.92204,-118.18175,303.74,1.11,1.05,2023-02-01,1836,T,32,6.1NRT,284.33,8.25,D
36.2628,-117.98044,301.17,1.15,1.07,2023-02-01,1836,T,38,6.1NRT,285.18,4.68,D
34.71748,-118.30602,302.79,1.17,1.08,2023-02-01,1838,T,54,6.1NRT,287.03,6.12,D
20.26391,-76.91917,323.31,1.57,1.23,2023-02-01,1900,A,65,6.1NRT,306.22,16.95,D
20.26744,-76.91154,326.14,1.57,1.23,2023-02-01,1900,A,78,6.1NRT,306.25,24.47,D
20.42305,-75.73723,323.9,1.91,1.35,2023-02-01,1900,A,75,6.1NRT,301.42,37.51,D
20.44519,-75.97231,315.29,1.84,1.33,2023-02-01,1900,A,58,6.1NRT,301.31,12.06,D
20.51709,-75.58755,314.88,1.97,1.37,2023-02-01,1900,A,47,6.1NRT,299.11,20.46,D
20.5153,-75.60418,313.27,1.96,1.37,2023-02-01,1900,A,37,6.1NRT,298.5,15,D
18.63392,-88.49007,321.02,2.42,1.5,2023-02-01,1900,A,78,6.1NRT,297.61,47.66,D
18.62974,-88.51244,312.5,2.43,1.5,2023-02-01,1900,A,61,6.1NRT,295.99,20.45,D
20.52366,-75.96981,348.9,1.85,1.33,2023-02-01,1900,A,94,6.1NRT,303.55,122.72,D
20.52166,-75.98734,370.52,1.84,1.33,2023-02-01,1900,A,100,6.1NRT,304.22,264.98,D
20.53555,-75.97128,368.36,1.85,1.33,2023-02-01,1900,A,100,6.1NRT,305.86,246.48,D
20.53354,-75.98885,339.95,1.84,1.33,2023-02-01,1900,A,89,6.1NRT,302.73,80.48,D
20.5614,-75.95661,322.85,1.85,1.33,2023-02-01,1900,A,58,6.1NRT,303.11,23.54,D
20.55934,-75.97426,326.12,1.85,1.33,2023-02-01,1900,A,77,6.1NRT,302.4,32.4,D
20.42981,-77.05821,322.2,1.54,1.22,2023-02-01,1900,A,50,6.1NRT,301.67,21.14,D
20.5442,-75.96161,329.83,1.85,1.33,2023-02-01,1900,A,81,6.1NRT,304.18,43.48,D
20.54229,-75.9793,327.98,1.85,1.33,2023-02-01,1900,A,79,6.1NRT,303.42,38.13,D
20.43396,-77.05086,322.53,1.54,1.22,2023-02-01,1900,A,65,6.1NRT,301.75,21.7,D
20.568,-75.96468,347.48,1.85,1.33,2023-02-01,1900,A,93,6.1NRT,304.23,117.19,D
20.56606,-75.98237,320.17,1.85,1.33,2023-02-01,1900,A,68,6.1NRT,302.84,20.83,D
20.64273,-76.8105,334.98,1.61,1.25,2023-02-01,1900,A,85,6.1NRT,304.16,51.75,D
20.6451,-76.80212,328.33,1.62,1.25,2023-02-01,1900,A,79,6.1NRT,303.01,32,D
20.64336,-76.81745,326.38,1.61,1.25,2023-02-01,1900,A,74,6.1NRT,303.25,27.73,D
20.71791,-76.25755,317.9,1.77,1.3,2023-02-01,1900,A,36,6.1NRT,302.13,12.37,D
20.72957,-76.25908,319.41,1.77,1.3,2023-02-01,1900,A,53,6.1NRT,303.07,17.55,D
20.78583,-76.38469,316.4,1.74,1.29,2023-02-01,1900,A,57,6.1NRT,301.17,10.54,D
20.83356,-76.34644,320.01,1.75,1.3,2023-02-01,1900,A,68,6.1NRT,302.47,18.29,D
20.78704,-77.52736,325.91,1.45,1.19,2023-02-01,1900,A,77,6.1NRT,299.38,26.99,D
20.78538,-77.54111,324.43,1.45,1.19,2023-02-01,1900,A,75,6.1NRT,299.38,24.29,D
20.75952,-78.00955,323.66,1.35,1.15,2023-02-01,1900,A,52,6.1NRT,302.79,19.02,D
20.77142,-77.99818,350.63,1.35,1.15,2023-02-01,1900,A,95,6.1NRT,303.06,82.68,D
20.7698,-78.01099,362.88,1.35,1.15,2023-02-01,1900,A,100,6.1NRT,304.21,131.08,D
20.76736,-78.00332,334.35,1.35,1.15,2023-02-01,1900,A,85,6.1NRT,304.76,38.41,D
20.77765,-78.00477,361.96,1.35,1.15,2023-02-01,1900,A,100,6.1NRT,302.92,128.13,D
20.7761,-78.01759,347.25,1.35,1.15,2023-02-01,1900,A,93,6.1NRT,300.39,74.51,D
20.83074,-77.82693,386.81,1.39,1.17,2023-02-01,1900,A,100,6.1NRT,305.51,280.61,D
20.82914,-77.84009,370.15,1.39,1.17,2023-02-01,1900,A,100,6.1NRT,302.38,172.58,D
20.81799,-77.9316,316.22,1.37,1.16,2023-02-01,1900,A,33,6.1NRT,299.11,8.11,D
21.04512,-76.59247,329.42,1.69,1.28,2023-02-01,1900,A,80,6.1NRT,304,39.71,D
21.01595,-77.04635,326.22,1.57,1.24,2023-02-01,1900,A,76,6.1NRT,303.49,26.78,D
21.0142,-77.06126,347.28,1.57,1.23,2023-02-01,1900,A,93,6.1NRT,305.4,89.69,D
20.96782,-77.89307,321.63,1.38,1.16,2023-02-01,1900,A,68,6.1NRT,298.97,14.58,D
20.96618,-77.90617,321.8,1.38,1.16,2023-02-01,1900,A,61,6.1NRT,300.61,15.16,D
20.96284,-77.89796,325.5,1.38,1.16,2023-02-01,1900,A,61,6.1NRT,301.79,20.54,D
20.99487,-77.98205,320.87,1.36,1.16,2023-02-01,1900,A,58,6.1NRT,300.39,16.34,D
21.0052,-77.98348,325.2,1.36,1.16,2023-02-01,1900,A,72,6.1NRT,301.45,21.9,D
21.0036,-77.9965,335.91,1.36,1.16,2023-02-01,1900,A,86,6.1NRT,299.07,43.36,D
21.10882,-77.80396,321.34,1.4,1.17,2023-02-01,1900,A,61,6.1NRT,301.11,16.03,D
21.12592,-78.32284,324.64,1.31,1.13,2023-02-01,1900,A,57,6.1NRT,301.91,19.87,D
21.31004,-78.14302,317.6,1.35,1.15,2023-02-01,1900,A,37,6.1NRT,302.35,9.97,D
21.38556,-77.77805,318.04,1.42,1.18,2023-02-01,1900,A,56,6.1NRT,298.87,14.17,D
21.41053,-77.83668,339.83,1.41,1.18,2023-02-01,1900,A,89,6.1NRT,304.94,55.24,D
21.40888,-77.8501,338.62,1.41,1.17,2023-02-01,1900,A,88,6.1NRT,299.78,51.83,D
21.46015,-78.01238,348.58,1.38,1.16,2023-02-01,1900,A,67,6.1NRT,304.1,79.22,D
21.52334,-77.5788,318.97,1.47,1.2,2023-02-01,1900,A,60,6.1NRT,301.71,16.08,D
21.45462,-78.54491,322.25,1.28,1.12,2023-02-01,1900,A,73,6.1NRT,301.37,16.34,D
21.50619,-78.37643,365.87,1.31,1.14,2023-02-01,1900,A,100,6.1NRT,303.59,140.9,D
21.50464,-78.38889,337.08,1.31,1.13,2023-02-01,1900,A,87,6.1NRT,302,44.95,D
21.70312,-79.08245,384.92,1.2,1.09,2023-02-01,1900,A,100,6.1NRT,312.41,214.92,D
21.70165,-79.09393,388.77,1.2,1.09,2023-02-01,1900,A,100,6.1NRT,308.34,237.68,D
21.71286,-79.08389,378.82,1.2,1.09,2023-02-01,1900,A,100,6.1NRT,304.45,180.87,D
21.71138,-79.09537,368.64,1.2,1.09,2023-02-01,1900,A,100,6.1NRT,303.89,132.05,D
21.84602,-78.42378,320.51,1.31,1.14,2023-02-01,1900,A,38,6.1NRT,305.87,11.96,D
21.84449,-78.43636,325.7,1.31,1.14,2023-02-01,1900,A,72,6.1NRT,303.6,20.35,D
21.85464,-78.43779,324.49,1.31,1.14,2023-02-01,1900,A,70,6.1NRT,304.92,18.81,D
21.85091,-78.55143,319.73,1.29,1.13,2023-02-01,1900,A,55,6.1NRT,306.11,9.2,D
21.84173,-78.62527,330.8,1.28,1.12,2023-02-01,1900,A,81,6.1NRT,304.4,27.82,D
21.8402,-78.63752,345.81,1.28,1.12,2023-02-01,1900,A,92,6.1NRT,305.13,62.54,D
21.86098,-78.55286,322.76,1.29,1.13,2023-02-01,1900,A,70,6.1NRT,306.26,13.14,D
21.80378,-79.16135,332.95,1.2,1.09,2023-02-01,1900,A,83,6.1NRT,304.58,29.72,D
21.95222,-78.07058,323.53,1.39,1.17,2023-02-01,1900,A,72,6.1NRT,303.92,19.78,D
21.88028,-78.64327,323.54,1.28,1.12,2023-02-01,1900,A,35,6.1NRT,307.02,12.72,D
21.81497,-79.15135,355.93,1.2,1.09,2023-02-01,1900,A,98,6.1NRT,308.24,84.58,D
21.81349,-79.16279,327.63,1.2,1.09,2023-02-01,1900,A,72,6.1NRT,304,19.64,D
21.88,-78.65017,325.7,1.28,1.12,2023-02-01,1900,A,68,6.1NRT,306.17,16.44,D
21.81883,-79.14719,329.83,1.2,1.09,2023-02-01,1900,A,80,6.1NRT,307.91,23.3,D
21.81741,-79.15865,327.29,1.2,1.09,2023-02-01,1900,A,77,6.1NRT,306.36,19.34,D
21.89151,-78.63934,332.04,1.28,1.12,2023-02-01,1900,A,79,6.1NRT,306.03,26.14,D
21.89002,-78.6516,338.7,1.28,1.12,2023-02-01,1900,A,88,6.1NRT,306.06,41.05,D
21.82711,-79.1601,319.34,1.2,1.09,2023-02-01,1900,A,64,6.1NRT,304.7,9.26,D
22.02195,-78.16789,316.48,1.37,1.16,2023-02-01,1900,A,41,6.1NRT,299.05,11.17,D
21.96706,-78.68756,324.95,1.27,1.12,2023-02-01,1900,A,74,6.1NRT,303.65,16.97,D
21.96562,-78.69283,321.6,1.27,1.12,2023-02-01,1900,A,49,6.1NRT,303.16,11.73,D
21.97265,-78.71865,354.62,1.27,1.12,2023-02-01,1900,A,97,6.1NRT,304.01,86.41,D
21.97116,-78.73082,341.87,1.27,1.12,2023-02-01,1900,A,90,6.1NRT,304.1,50.62,D
21.98264,-78.72009,320.76,1.27,1.12,2023-02-01,1900,A,55,6.1NRT,305.16,11.18,D
21.98114,-78.73226,318.28,1.27,1.12,2023-02-01,1900,A,47,6.1NRT,304.11,8.59,D
21.82939,-80.00133,315.58,1.1,1.04,2023-02-01,1900,A,53,6.1NRT,302.1,6.48,D
21.828,-80.01192,316.54,1.1,1.04,2023-02-01,1900,A,58,6.1NRT,301.97,7.31,D
21.83866,-80.00308,337.67,1.1,1.04,2023-02-01,1900,A,87,6.1NRT,303.09,36.29,D
21.8373,-80.01337,328.97,1.1,1.04,2023-02-01,1900,A,80,6.1NRT,302.92,22.21,D
22.12581,-78.30088,317.41,1.35,1.15,2023-02-01,1900,A,61,6.1NRT,302.52,13.55,D
22.13609,-78.30234,315.49,1.35,1.15,2023-02-01,1900,A,50,6.1NRT,301.44,11,D
22.01976,-79.39709,323.51,1.17,1.08,2023-02-01,1900,A,68,6.1NRT,306.2,11.16,D
22.01831,-79.40833,321.05,1.17,1.08,2023-02-01,1900,A,50,6.1NRT,306.05,7.52,D
22.02937,-79.39855,324.2,1.17,1.08,2023-02-01,1900,A,29,6.1NRT,307.15,11.56,D
22.02791,-79.40981,325.8,1.17,1.08,2023-02-01,1900,A,59,6.1NRT,305.65,13.14,D
22.04275,-79.44615,322.54,1.16,1.07,2023-02-01,1900,A,66,6.1NRT,304.73,11.08,D
21.68999,-82.69803,324.03,1.01,1.01,2023-02-01,1900,A,77,6.1NRT,298.69,18.05,D
22.17439,-80.02562,319.02,1.1,1.05,2023-02-01,1900,A,39,6.1NRT,300.96,8.69,D
22.1543,-80.60029,351.59,1.05,1.02,2023-02-01,1900,A,96,6.1NRT,307.18,61.63,D
22.25181,-80.1406,319.49,1.09,1.04,2023-02-01,1900,A,58,6.1NRT,305.48,7.46,D
22.36261,-79.50775,315.96,1.17,1.07,2023-02-01,1900,A,57,6.1NRT,300.61,8.51,D
22.27102,-80.2815,327.56,1.08,1.04,2023-02-01,1900,A,79,6.1NRT,305.12,17.39,D
22.25725,-80.38451,324.34,1.07,1.03,2023-02-01,1900,A,70,6.1NRT,304.57,10.73,D
22.26645,-80.38596,323.18,1.07,1.03,2023-02-01,1900,A,53,6.1NRT,303.58,9.52,D
22.24858,-80.51852,320.29,1.06,1.03,2023-02-01,1900,A,45,6.1NRT,305.26,7.5,D
22.31686,-80.15076,348.03,1.09,1.04,2023-02-01,1900,A,94,6.1NRT,297.4,55.16,D
22.31547,-80.1612,381.62,1.09,1.04,2023-02-01,1900,A,100,6.1NRT,306.52,170.81,D
22.32616,-80.15221,334.76,1.09,1.04,2023-02-01,1900,A,85,6.1NRT,299.5,29.26,D
22.32476,-80.16265,344.88,1.09,1.04,2023-02-01,1900,A,87,6.1NRT,301.38,48.2,D
22.33764,-80.181,316.41,1.09,1.04,2023-02-01,1900,A,27,6.1NRT,300.3,4.96,D
22.26567,-80.72258,321.99,1.05,1.02,2023-02-01,1900,A,72,6.1NRT,306.08,10.71,D
22.28695,-80.63363,316.52,1.05,1.02,2023-02-01,1900,A,33,6.1NRT,303.12,3.58,D
22.26198,-81.28604,326.58,1.02,1.01,2023-02-01,1900,A,77,6.1NRT,300.15,18.21,D
22.45117,-80.23701,318.06,1.09,1.04,2023-02-01,1900,A,65,6.1NRT,302.87,8.27,D
22.44387,-80.57194,332.9,1.06,1.03,2023-02-01,1900,A,84,6.1NRT,302.64,25.34,D
22.45303,-80.57339,324.18,1.06,1.03,2023-02-01,1900,A,76,6.1NRT,303.47,14.8,D
22.53412,-80.7123,314.9,1.05,1.02,2023-02-01,1900,A,53,6.1NRT,302.23,6.36,D
22.53277,-80.72237,318.03,1.05,1.02,2023-02-01,1900,A,62,6.1NRT,301.99,8.23,D
22.68443,-79.78351,324.24,1.14,1.06,2023-02-01,1900,A,76,6.1NRT,297.45,18.78,D
22.641,-80.73502,333.37,1.05,1.02,2023-02-01,1900,A,85,6.1NRT,303.59,26.54,D
22.65148,-80.72638,335.16,1.05,1.02,2023-02-01,1900,A,86,6.1NRT,302.29,28.77,D
22.65012,-80.73647,349.02,1.05,1.02,2023-02-01,1900,A,95,6.1NRT,306.98,54.25,D
22.26497,-83.53416,323,1.05,1.02,2023-02-01,1900,A,75,6.1NRT,304.38,11.43,D
22.26343,-83.5442,329.63,1.05,1.02,2023-02-01,1900,A,82,6.1NRT,304.94,19.99,D
22.18573,-84.04504,329.26,1.09,1.04,2023-02-01,1900,A,82,6.1NRT,303.2,22.96,D
22.27252,-83.54584,321.24,1.05,1.02,2023-02-01,1900,A,60,6.1NRT,304.35,9.89,D
22.63223,-81.2713,334.03,1.02,1.01,2023-02-01,1900,A,85,6.1NRT,301.47,25.08,D
22.73987,-80.75734,324.35,1.05,1.02,2023-02-01,1900,A,76,6.1NRT,305.67,14.95,D
22.73851,-80.76743,321.42,1.05,1.02,2023-02-01,1900,A,72,6.1NRT,301.64,12.25,D
22.38781,-83.21577,338.7,1.03,1.01,2023-02-01,1900,A,89,6.1NRT,303.51,34.81,D
22.39682,-83.21738,341.84,1.03,1.01,2023-02-01,1900,A,91,6.1NRT,303.37,39.39,D
22.39532,-83.22722,325.8,1.03,1.01,2023-02-01,1900,A,78,6.1NRT,300.89,15.91,D
22.86816,-80.078,315.11,1.11,1.05,2023-02-01,1900,A,57,6.1NRT,299.65,7.13,D
22.86675,-80.08869,316.53,1.11,1.05,2023-02-01,1900,A,63,6.1NRT,298.24,8.79,D
22.43137,-83.23364,332.28,1.03,1.01,2023-02-01,1900,A,84,6.1NRT,302.6,23.31,D
22.73721,-81.31072,341.11,1.02,1.01,2023-02-01,1900,A,90,6.1NRT,303.43,35.82,D
22.71263,-81.813,326.45,1,1,2023-02-01,1900,A,78,6.1NRT,304.25,14.64,D
22.7398,-82.08031,330.25,1,1,2023-02-01,1900,A,82,6.1NRT,304.68,17.43,D
22.73842,-82.0899,319.01,1,1,2023-02-01,1900,A,29,6.1NRT,303.24,5.41,D
22.69958,-82.35861,316.08,1,1,2023-02-01,1900,A,38,6.1NRT,301.47,5.82,D
22.5155,-83.58781,315.42,1.05,1.02,2023-02-01,1900,A,18,6.1NRT,298.9,9.9,D
22.7487,-82.08181,340.34,1,1,2023-02-01,1900,A,90,6.1NRT,305.86,32.35,D
22.74732,-82.09142,331.1,1,1,2023-02-01,1900,A,83,6.1NRT,305.27,19.32,D
22.79948,-81.85403,328.19,1,1,2023-02-01,1900,A,76,6.1NRT,302.51,21.04,D
22.64159,-83.0619,318.15,1.02,1.01,2023-02-01,1900,A,66,6.1NRT,299.93,8.4,D
22.75855,-82.32938,326.08,1,1,2023-02-01,1900,A,78,6.1NRT,304.56,14.88,D
22.75716,-82.33898,325.4,1,1,2023-02-01,1900,A,77,6.1NRT,303.56,14.14,D
22.76701,-82.33642,327.67,1,1,2023-02-01,1900,A,61,6.1NRT,302.51,17.84,D
22.70105,-82.90827,316.75,1.01,1.01,2023-02-01,1900,A,46,6.1NRT,302.64,6.77,D
22.72154,-82.83231,317.21,1.01,1,2023-02-01,1900,A,0,6.1NRT,301.86,7.71,D
22.71505,-83.06049,332.57,1.02,1.01,2023-02-01,1900,A,85,6.1NRT,302.43,25.28,D
22.71359,-83.07024,326.01,1.02,1.01,2023-02-01,1900,A,79,6.1NRT,301.53,16.83,D
22.7694,-82.88046,325.2,1.01,1.01,2023-02-01,1900,A,78,6.1NRT,302.9,14.41,D
22.76796,-82.89017,316.74,1.01,1.01,2023-02-01,1900,A,51,6.1NRT,301.31,5.76,D
22.83552,-82.50259,317.76,1,1,2023-02-01,1900,A,52,6.1NRT,302.96,5.77,D
19.41499,-155.28687,325.37,1.82,1.32,2023-02-01,2023,T,78,6.1NRT,285.38,50.71,D
19.41315,-155.27042,323.45,1.81,1.32,2023-02-01,2023,T,76,6.1NRT,286.06,45.67,D
19.40332,-155.28859,370.1,1.82,1.32,2023-02-01,2023,T,100,6.1NRT,288.2,270.41,D
19.40146,-155.27174,381.8,1.81,1.32,2023-02-01,2023,T,100,6.1NRT,291.38,375.36,D
19.40746,-155.2939,337.04,1.82,1.32,2023-02-01,2023,T,88,6.1NRT,284.56,82.08,D
19.4055,-155.27734,398.7,1.81,1.32,2023-02-01,2023,T,100,6.1NRT,296.66,577.99,D
19.40347,-155.26024,319.47,1.81,1.32,2023-02-01,2023,T,49,6.1NRT,285.48,32.41,D
26.50069,-81.42633,324.48,1.07,1.03,2023-02-01,1900,A,74,6.1NRT,304.99,16.52,D
26.77163,-81.26562,324.85,1.08,1.04,2023-02-01,1900,A,78,6.1NRT,298.69,18.88,D
27.03549,-81.96924,323.17,1.04,1.02,2023-02-01,1900,A,72,6.1NRT,302.38,13.86,D
27.16197,-81.56827,337.29,1.07,1.03,2023-02-01,1900,A,85,6.1NRT,302.73,33.93,D
27.17116,-81.5698,376.46,1.07,1.03,2023-02-01,1900,A,94,6.1NRT,300.57,143.56,D
27.16975,-81.58042,406.13,1.07,1.03,2023-02-01,1900,A,94,6.1NRT,308.68,309.4,D
27.22634,-81.77986,331.79,1.05,1.02,2023-02-01,1900,A,84,6.1NRT,299.62,26.97,D
27.23547,-81.78141,336.74,1.05,1.02,2023-02-01,1900,A,88,6.1NRT,299.13,34.13,D
27.29701,-82.34311,316.87,1.02,1.01,2023-02-01,1900,A,48,6.1NRT,296.6,10.36,D
27.306,-82.34468,329.94,1.02,1.01,2023-02-01,1900,A,74,6.1NRT,297.71,23.62,D
27.49961,-81.09833,338.17,1.12,1.05,2023-02-01,1900,A,84,6.1NRT,297.29,39.32,D
27.69297,-81.24451,315.49,1.1,1.05,2023-02-01,1900,A,39,6.1NRT,292.73,8.9,D
27.78622,-82.12131,310.43,1.04,1.02,2023-02-01,1900,A,31,6.1NRT,293.81,5.94,D
28.00782,-80.93354,316.36,1.15,1.07,2023-02-01,1900,A,65,6.1NRT,298.09,10.63,D
28.09462,-81.2384,334.16,1.12,1.05,2023-02-01,1900,A,86,6.1NRT,297.25,33.74,D
29.06186,-81.22627,332.76,1.14,1.06,2023-02-01,1900,A,86,6.1NRT,299.29,34.13,D
29.06038,-81.23785,334.12,1.14,1.06,2023-02-01,1900,A,87,6.1NRT,300.09,36.04,D
29.99305,-81.9159,323.42,1.09,1.04,2023-02-01,1902,A,80,6.1NRT,296.38,19.48,D
29.99159,-81.9271,329.52,1.09,1.04,2023-02-01,1902,A,85,6.1NRT,296.72,27.68,D
30.27825,-82.18334,308.96,1.08,1.04,2023-02-01,1902,A,59,6.1NRT,296.5,5.1,D
30.32376,-82.53241,385.47,1.05,1.02,2023-02-01,1902,A,94,6.1NRT,297.26,183.44,D
30.32233,-82.54321,421.59,1.05,1.02,2023-02-01,1902,A,100,6.1NRT,309.51,433.42,D
30.33288,-82.53403,339.27,1.05,1.02,2023-02-01,1902,A,85,6.1NRT,297.81,38.35,D
30.34344,-82.52484,325.37,1.05,1.02,2023-02-01,1902,A,63,6.1NRT,296.07,19.64,D
30.34201,-82.53565,369.36,1.05,1.02,2023-02-01,1902,A,100,6.1NRT,301.13,116.45,D
30.34057,-82.54645,331.05,1.05,1.02,2023-02-01,1902,A,76,6.1NRT,298.24,25.84,D
30.30186,-82.83528,322.95,1.03,1.02,2023-02-01,1902,A,80,6.1NRT,298.01,16.32,D
30.52181,-81.93996,310.54,1.1,1.05,2023-02-01,1902,A,62,6.1NRT,296.42,7.75,D
30.49861,-85.30688,305,1.03,1.01,2023-02-01,1902,A,24,6.1NRT,290.73,3.66,D
30.90853,-85.58809,311.49,1.04,1.02,2023-02-01,1902,A,66,6.1NRT,294.08,7.13,D
31.28404,-84.43897,310.58,1,1,2023-02-01,1902,A,57,6.1NRT,294.16,6.47,D
31.30781,-84.40113,307.47,1,1,2023-02-01,1902,A,33,6.1NRT,293.96,4.56,D
39.48076,-84.38739,301.75,1.09,1.04,2023-02-01,1904,A,49,6.1NRT,278.74,7.97,D
40.20625,-94.73631,303.49,2,1.38,2023-02-01,1904,A,56,6.1NRT,276.81,23.46,D
41.63463,-87.14547,315.63,1,1,2023-02-01,1904,A,0,6.1NRT,275.95,18.13,D
31.01578,-107.88426,314.71,1.03,1.01,2023-02-01,2040,A,66,6.1NRT,297.12,7.87,D
31.21649,-108.03156,313.27,1.02,1.01,2023-02-01,2040,A,65,6.1NRT,300.18,5.58,D
33.41513,-110.8652,310.18,1.03,1.01,2023-02-01,2042,A,68,6.1NRT,295.58,7.05,D
39.71727,-121.95128,300.89,2.9,1.62,2023-02-01,2044,A,43,6.1NRT,276.56,35.23,D
41.90926,-121.85327,306.95,2.49,1.52,2023-02-01,2044,A,64,6.1NRT,276.27,39.32,D
41.90219,-121.88315,311.58,2.5,1.52,2023-02-01,2044,A,71,6.1NRT,277.56,52.08,D
46.14687,-123.52917,300.18,2.3,1.47,2023-02-01,2044,A,31,6.1NRT,275.05,26.25,D
46.14396,-123.53465,301.55,2.3,1.47,2023-02-01,2044,A,48,6.1NRT,275.07,28.53,D
17.71043,-101.59284,322.4,1.45,1.19,2023-02-01,2038,A,71,6.1NRT,304.62,14.94,D
17.7088,-101.60619,327.01,1.45,1.19,2023-02-01,2038,A,79,6.1NRT,306.5,23.72,D
18.4507,-96.2114,314.86,3.75,1.81,2023-02-01,2038,A,44,6.1NRT,293.84,47.47,D
18.46034,-96.18139,315.66,3.78,1.82,2023-02-01,2038,A,52,6.1NRT,294.3,50.78,D
18.27829,-100.57156,329.78,1.75,1.3,2023-02-01,2038,A,79,6.1NRT,307.66,35.12,D
18.88038,-97.90439,319.41,2.84,1.61,2023-02-01,2038,A,61,6.1NRT,306.73,30.2,D
19.58492,-101.70826,316.04,1.52,1.22,2023-02-01,2038,A,0,6.1NRT,301.15,10.63,D
19.88804,-99.66102,325.05,2.16,1.43,2023-02-01,2038,A,67,6.1NRT,304.68,37.6,D
19.81187,-102.62317,320.38,1.33,1.14,2023-02-01,2038,A,70,6.1NRT,305.59,13.04,D
20.08439,-101.13974,320.67,1.69,1.28,2023-02-01,2038,A,62,6.1NRT,306.69,17.68,D
20.08251,-101.15569,320.72,1.68,1.28,2023-02-01,2038,A,66,6.1NRT,305.08,17.67,D
20.25874,-101.96926,327,1.49,1.2,2023-02-01,2038,A,76,6.1NRT,307.44,20.78,D
20.62493,-103.0386,323.82,1.29,1.13,2023-02-01,2038,A,60,6.1NRT,304.22,15.05,D
20.7526,-102.67645,333.79,1.36,1.15,2023-02-01,2038,A,83,6.1NRT,304.01,39.31,D
20.75146,-102.67033,317.18,1.36,1.16,2023-02-01,2038,A,56,6.1NRT,301.33,9.77,D
20.74996,-102.68283,318.11,1.36,1.15,2023-02-01,2038,A,60,6.1NRT,302.37,11.11,D
20.76179,-102.67147,335.96,1.36,1.16,2023-02-01,2038,A,86,6.1NRT,305.31,42.97,D
20.76026,-102.68413,332.14,1.36,1.15,2023-02-01,2038,A,82,6.1NRT,304.46,34.19,D
20.75107,-102.76037,318.64,1.34,1.15,2023-02-01,2038,A,61,6.1NRT,302.65,10.67,D
22.09882,-103.88146,316.92,1.21,1.09,2023-02-01,2038,A,60,6.1NRT,292.85,15.04,D
22.10852,-103.88286,316.55,1.21,1.09,2023-02-01,2038,A,57,6.1NRT,291.94,14.59,D
22.98195,-102.63689,323.24,1.46,1.2,2023-02-01,2038,A,74,6.1NRT,306.88,16.81,D
23.16712,-103.29703,317.92,1.34,1.15,2023-02-01,2038,A,53,6.1NRT,305.08,7.63,D
23.17734,-103.2984,322.11,1.34,1.15,2023-02-01,2038,A,73,6.1NRT,305.23,14.23,D
24.05528,-103.37349,322.63,1.36,1.15,2023-02-01,2040,A,70,6.1NRT,306.86,14.1,D
29.02868,-107.547,328.21,1.02,1.01,2023-02-01,2040,A,81,6.1NRT,295.44,24.86,D
29.29832,-107.73112,360.31,1.01,1.01,2023-02-01,2040,A,100,6.1NRT,295.21,85.73,D
19.39593,-155.27625,361.86,1,1,2023-02-01,2354,A,87,6.1NRT,296.81,82.23,D
19.39459,-155.28563,358.98,1,1,2023-02-01,2354,A,99,6.1NRT,301.89,75.2,D
19.40482,-155.27766,414.75,1,1,2023-02-01,2354,A,0,6.1NRT,293.35,343.53,D
19.40348,-155.28706,418.98,1,1,2023-02-01,2354,A,94,6.1NRT,318.53,379.76,D
19.41237,-155.28851,323.18,1,1,2023-02-01,2354,A,40,6.1NRT,287.43,14.25,D
18.9278,-70.35403,317.75,1.92,1.35,2023-02-02,0217,T,96,6.1NRT,288.83,46.15,N
18.93289,-70.3615,303.21,1.92,1.35,2023-02-02,0217,T,50,6.1NRT,285.46,18.96,N
17.65478,-93.35474,304.29,1.53,1.22,2023-02-02,0357,T,59,6.1NRT,292.07,9.59,N
17.65244,-93.36878,308.7,1.54,1.22,2023-02-02,0357,T,75,6.1NRT,292.07,14.82,N
17.84166,-93.11133,358.57,1.46,1.2,2023-02-02,0357,T,100,6.1NRT,293.97,141.47,N
17.8395,-93.12478,350.37,1.47,1.2,2023-02-02,0357,T,100,6.1NRT,294.04,107.74,N
17.8462,-93.11846,360.83,1.46,1.2,2023-02-02,0357,T,100,6.1NRT,294.41,152.55,N
17.84395,-93.13194,308.39,1.47,1.2,2023-02-02,0357,T,74,6.1NRT,293.19,11.6,N
17.89004,-93.18226,313.09,1.48,1.2,2023-02-02,0357,T,86,6.1NRT,293.38,17.95,N
17.88782,-93.19581,318.18,1.48,1.2,2023-02-02,0357,T,96,6.1NRT,293.5,25.86,N
17.90061,-93.18421,306.86,1.48,1.2,2023-02-02,0357,T,69,6.1NRT,293.62,10.79,N
17.87212,-93.4946,307.46,1.55,1.23,2023-02-02,0357,T,71,6.1NRT,292.63,12.81,N
17.87416,-93.50058,309.67,1.55,1.23,2023-02-02,0357,T,78,6.1NRT,292.58,14.79,N
17.91507,-93.52293,315.01,1.56,1.23,2023-02-02,0357,T,90,6.1NRT,292.54,23.51,N
18.09231,-94.05016,304.1,1.68,1.28,2023-02-02,0357,T,50,6.1NRT,292,11.57,N
19.2938,-92.16788,338.55,1.22,1.1,2023-02-02,0357,T,100,6.1NRT,294.09,52.58,N
19.29204,-92.17922,310.39,1.22,1.1,2023-02-02,0357,T,71,6.1NRT,293.77,10.33,N
19.29736,-92.16328,320.16,1.22,1.1,2023-02-02,0357,T,100,6.1NRT,293.8,21.51,N
19.29555,-92.17459,327.98,1.22,1.1,2023-02-02,0357,T,100,6.1NRT,293.94,32.68,N
19.3957,-92.0424,319.52,1.2,1.09,2023-02-02,0357,T,98,6.1NRT,293.91,20.78,N
19.60361,-92.29436,307.56,1.23,1.1,2023-02-02,0357,T,55,6.1NRT,294.09,7.94,N
46.146,-123.51781,304.41,1.06,1.03,2023-02-02,0542,T,60,6.1NRT,274.15,11.85,N
21.86275,-79.1321,302.26,1.05,1.02,2023-02-02,0709,A,48,6.1NRT,291.93,5.31,N
21.85502,-79.14357,312.31,1.05,1.03,2023-02-02,0709,A,85,6.1NRT,292.34,11.92,N
21.85362,-79.13353,316.37,1.05,1.02,2023-02-02,0709,A,93,6.1NRT,292.47,15.49,N
21.72796,-79.08831,306.41,1.05,1.02,2023-02-02,0709,A,68,6.1NRT,293.08,7.5,N
20.86022,-77.43306,309.88,1.01,1,2023-02-02,0709,A,79,6.1NRT,291.58,10.3,N
20.85879,-77.42355,314.7,1.01,1,2023-02-02,0709,A,90,6.1NRT,291.68,14.01,N
20.53502,-75.5984,301.2,1.14,1.06,2023-02-02,0709,A,19,6.1NRT,286.53,7.28,N
20.53333,-75.58807,300.09,1.14,1.06,2023-02-02,0709,A,10,6.1NRT,289.07,6.31,N
20.53169,-75.57804,301.3,1.14,1.06,2023-02-02,0709,A,22,6.1NRT,289.04,6.71,N
20.57123,-75.97669,313.44,1.1,1.04,2023-02-02,0709,A,87,6.1NRT,293.57,13.79,N
20.56031,-75.96793,306.69,1.1,1.05,2023-02-02,0709,A,69,6.1NRT,293.09,7.62,N
20.04649,-77.47988,303.16,1.01,1,2023-02-02,0709,A,54,6.1NRT,290.94,5.84,N
19.39801,-155.27715,316.14,2.83,1.61,2023-02-02,0852,T,90,6.1NRT,286.34,75.19,N
19.41231,-155.27861,348.27,2.83,1.61,2023-02-02,0852,T,100,6.1NRT,287.41,277.39,N
19.40951,-155.3055,325.9,2.82,1.6,2023-02-02,0852,T,100,6.1NRT,285.6,118.3,N
19.40148,-155.28416,353.08,2.83,1.61,2023-02-02,0852,T,100,6.1NRT,288.68,326.05,N
19.39895,-155.31062,307.07,2.82,1.6,2023-02-02,0852,T,51,6.1NRT,284.76,44.56,N
19.41571,-155.28625,314.61,2.83,1.61,2023-02-02,0852,T,86,6.1NRT,285.64,69.18,N
19.29942,-92.15907,320.24,4.41,1.93,2023-02-02,0847,A,100,6.1NRT,292.08,147.92,N
19.29838,-92.16711,317.49,4.41,1.93,2023-02-02,0847,A,94,6.1NRT,292.09,126.11,N
19.28994,-92.12639,308.12,4.44,1.94,2023-02-02,0847,A,59,6.1NRT,291.99,64.81,N
20.53208,-100.92616,303.44,1.08,1.04,2023-02-02,0847,A,55,6.1NRT,281.85,10.09,N
20.53049,-100.91603,310.93,1.08,1.04,2023-02-02,0847,A,81,6.1NRT,281.74,15.57,N
17.8568,-93.12499,304.68,4.03,1.86,2023-02-02,0847,A,61,6.1NRT,289.36,46.02,N
17.84921,-93.08797,306.82,4.05,1.87,2023-02-02,0847,A,56,6.1NRT,288.24,61.31,N
17.92056,-93.51968,300,3.75,1.81,2023-02-02,0847,A,3,6.1NRT,289.87,22.78,N
17.85258,-93.13365,301.96,4.03,1.86,2023-02-02,0847,A,46,6.1NRT,289.39,35.45,N
17.84523,-93.09659,316.91,4.05,1.87,2023-02-02,0847,A,94,6.1NRT,288.57,119.51,N
19.08792,-101.50011,314.27,1.06,1.03,2023-02-02,0847,A,89,6.1NRT,289.33,15.65,N
