fed_fire_id,name,state,county,started,updated,acres_burned,percent_contained,type,fire_behavior,fire_cause,latitude,longitude,source,days_burning,days_sinceupdate,location,info_url,state_name,status
2026-ARARS-100236,Bunker Fire Fire,AR,Calhoun,2026-09-14T18:15:48Z,2026-09-17T17:51:02Z,2851,95,WF,Minimal,Undetermined,NA,NA,NFIS,23,20.2,NA,NA,Arkansas,not_contained
2026-CACDD-011663,Mtz/Bdc/82b Fire,CA,San Bernardino,2026-10-04T18:18:00Z,2026-10-05T16:27:21Z,59.4,NA,WF,NA,Undetermined,34.727836,-117.303257,NFIS,3,2.3,NA,NA,California,not_contained
2026-CALPF-002271,Timber Fire,CA,Monterey,2026-08-09T03:35:00Z,2026-10-03T08:48:32Z,25350,90,WF,Minimal,Undetermined,35.929352,-121.383821,NFIS,59,4.6,NA,NA,California,not_contained
2026-CALPF-002475,Plaskett Fire,CA,Monterey,2026-08-26T16:26:00Z,2026-09-15T14:43:32Z,29993,100,WF,Minimal,Undetermined,35.9197,-121.467,NFIS,42,22.3,NA,NA,California,contained
2026-CASTF-002065,Piute Fire,CA,Tuolumne,2026-09-30T16:18:48Z,2026-10-05T20:38:13Z,47,NA,WF,NA,Natural,38.16215,-119.809167,NFIS,7,2.1,NA,NA,California,not_contained
2026-CAYNP-000100,Dome Fire,CA,Mariposa,2026-09-15T15:28:00Z,2026-10-07T11:57:33Z,6803,41,WF,Moderate,Undetermined,37.556325,-119.614049,NFIS,22,0.5,NA,NA,California,not_contained
2026-COARF-001380,Dry Creek Fire,CO,Boulder,2026-10-06T14:03:00Z,2026-10-06T16:02:09Z,6,NA,WF,NA,Undetermined,40.11598,-105.451584,NFIS,1,1.3,NA,NA,Colorado,not_contained
2026-COCUX-001160,Aspen Acres Fire,CO,Custer,2026-06-29T12:04:46Z,2026-08-10T14:04:00Z,102007,82,WF,Moderate,Human,38.15004,-105.185509,NFIS,100,58.4,NA,NA,Colorado,not_contained
2026-COGMF-000099,Gold Mountain Fire,CO,Ouray,2026-06-27T23:33:00Z,2026-09-04T01:13:25Z,39747,92,WF,Minimal,Undetermined,38.032853,-107.66402,NFIS,101,33.9,NA,NA,Colorado,not_contained
2026-COGMF-000114,Elk Fire,CO,Hinsdale,2026-07-09T15:46:12Z,2026-08-23T22:31:55Z,7257,90,WF,Minimal,Undetermined,38.124188,-107.354823,NFIS,90,45,NA,NA,Colorado,not_contained
2026-COLSX-001549,Post Fire,CO,Las Animas,2026-08-12T00:55:00Z,2026-08-14T17:02:20Z,4335,90,WF,Minimal,Natural,37.081944,-104.421389,NFIS,56,54.3,NA,NA,Colorado,not_contained
2026-COPSF-001153,Willow Fire,CO,Lake,2026-06-28T21:27:00Z,2026-09-16T20:22:36Z,7359,80,WF,Minimal,Human,39.187212,-106.475306,NFIS,101,21.1,NA,NA,Colorado,not_contained
2026-COSJF-000985,Swiss Roll Fire,CO,Archuleta,2026-08-20T14:33:00Z,2026-09-13T19:22:40Z,777,100,WF,Minimal,Natural,37.514815,-106.790543,NFIS,48,24.2,NA,NA,Colorado,contained
2026-COWRD-000853,P-L Gulch Fire,CO,Rio Blanco,2026-07-13T18:36:00Z,2026-07-18T16:42:08Z,1580,100,WF,Minimal,Human,39.87376,-108.22279,NFIS,86,81.3,NA,NA,Colorado,contained
2026-COWRD-000957,Keystone Fire,CO,Rio Blanco,2026-07-21T17:22:00Z,2026-07-24T22:20:00Z,3042,100,WF,Minimal,Natural,40.21706,-108.21737,NFIS,78,75,NA,NA,Colorado,contained
2026-FLFNF-002828,Hog Branch Fire,FL,Franklin,2026-10-01T17:20:24Z,2026-10-02T11:36:32Z,15,NA,WF,NA,Undetermined,29.988717,-84.989372,NFIS,6,5.5,NA,NA,Florida,not_contained
2026-FLFNF-002837,Iao Fire,FL,Franklin,2026-10-02T01:47:14Z,2026-10-02T11:32:51Z,260,NA,WF,NA,Undetermined,29.964618,-84.99864,NFIS,5,5.5,NA,NA,Florida,not_contained
2026-GACHP-000103,Rx - West Viniard Alexander Fire,GA,Catoosa,2026-03-04T17:48:52Z,2026-10-06T14:49:04Z,175,NA,RX,NA,Undetermined,34.90677,-85.255969,NFIS,217,1.3,NA,NA,Georgia,not_contained
2026-IDIPF-000347,Upper Smith Fire,ID,Boundary,2026-07-08T15:29:00Z,2026-09-05T20:22:17Z,4848,41,WF,Minimal,Natural,48.9265,-116.602167,NFIS,91,32.1,NA,NA,Idaho,not_contained
2026-IDIPF-000697,Silver Fire,ID,Boundary,2026-08-23T16:26:00Z,2026-09-05T23:32:27Z,2593,30,WF,Minimal,Natural,48.627783,-116.667033,NFIS,45,32,NA,NA,Idaho,not_contained
2026-IDIPF-000702,Parker Lake Fire,ID,Boundary,2026-08-23T18:46:00Z,2026-09-05T20:22:17Z,1531,1,WF,Minimal,Natural,48.632096,-116.679268,NFIS,45,32.1,NA,NA,Idaho,not_contained
2026-IDNCF-000330,Three Links Fire,ID,Idaho,2026-07-24T21:57:23Z,2026-09-03T17:29:58Z,927,100,WF,Minimal,Natural,46.149833,-115.117667,NFIS,75,34.2,NA,NA,Idaho,contained
2026-IDNCF-000348,Grotto Fire,ID,Idaho,2026-07-29T23:42:01Z,2026-09-03T17:24:35Z,3856,50,WF,Minimal,Natural,45.240333,-115.0835,NFIS,69,34.2,NA,NA,Idaho,not_contained
2026-IDNCF-000349,Moose Mountain Fire,ID,Clearwater,2026-07-30T00:02:00Z,2026-09-04T21:13:54Z,5832,90,WF,Minimal,Natural,46.78769,-115.21843,NFIS,69,33.1,NA,NA,Idaho,not_contained
2026-IDSCF-260103,Doublesprings Fire,ID,Custer,2026-07-24T23:12:00Z,2026-08-11T22:02:49Z,1779,90,WF,Minimal,Natural,44.3218,-113.92545,NFIS,74,57,NA,NA,Idaho,not_contained
2026-IDSTF-000248,Stinson Creek Rx 2026 Fire,ID,Cassia,2026-09-14T17:37:00Z,2026-10-06T21:42:31Z,450,NA,RX,NA,Undetermined,42.221678,-113.688989,NFIS,23,1.1,NA,NA,Idaho,not_contained
2026-MNSUF-002394,Bear Trap Fire,MN,St. Louis,2026-07-07T22:12:00Z,2026-08-22T22:40:56Z,30804,100,WF,Minimal,Natural,0,0,NFIS,92,46,NA,NA,Minnesota,contained
2026-MNSUF-002396,Thumb Fire,MN,St. Louis,2026-07-07T22:32:00Z,2026-08-20T18:43:47Z,25015,100,WF,Minimal,Natural,48.1845,-91.924667,NFIS,92,48.2,NA,NA,Minnesota,contained
2026-MTBDF-266293,Moose Fire,MT,Granite,2026-07-26T21:44:00Z,2026-09-06T10:08:29Z,6005,37,WF,Minimal,Undetermined,46.086917,-113.65245,NFIS,73,31.5,NA,NA,Montana,not_contained
2026-MTBDF-266313,Bobcat Lakes Fire,MT,Beaverhead,2026-07-31T20:39:00Z,2026-09-14T11:25:14Z,10896,95,WF,Minimal,Undetermined,45.611056,-113.228788,NFIS,68,23.5,NA,NA,Montana,not_contained
2026-MTBDF-266319,Sand Creek Fire,MT,Beaverhead,2026-08-01T19:31:00Z,2026-09-14T11:08:53Z,35520,83,WF,Minimal,Undetermined,45.436281,-113.33274,NFIS,67,23.5,NA,NA,Montana,not_contained
2026-MTBRF-000340,Nature Grove Fire,MT,Ravalli,2026-08-23T22:43:00Z,2026-09-09T00:51:26Z,1422,0,WF,Minimal,Natural,46.160894,-113.959792,NFIS,45,28.9,NA,NA,Montana,not_contained
2026-MTCRA-261393,Davis Coulee Fire,MT,Big Horn,2026-09-14T04:30:00Z,2026-09-16T02:06:36Z,15470,100,WF,Minimal,Undetermined,45.5398,-107.6275,NFIS,23,21.9,NA,NA,Montana,contained
2026-MTFPA-000329,Crow Head Fire,MT,Roosevelt,2026-09-24T23:27:00Z,2026-09-25T17:34:42Z,0.55,NA,WF,NA,Undetermined,48.096079,-105.046191,NFIS,12,12.2,NA,NA,Montana,not_contained
2026-MTNCA-000439,West Horn Fire,MT,Rosebud,2026-07-04T17:40:00Z,2026-08-19T16:21:13Z,10,NA,WF,NA,Natural,45.546944,-106.585278,NFIS,95,49.3,NA,NA,Montana,not_contained
2026-MTNCA-000537,East Tullock Creek Fire,MT,Big Horn,2026-07-20T22:04:21Z,2026-10-02T19:58:04Z,20,NA,WF,NA,Undetermined,45.66257,-107.01163,NFIS,79,5.1,NA,NA,Montana,not_contained
2026-MTNCA-000594,Kelty Fire,MT,Rosebud,2026-07-28T22:35:03Z,2026-08-19T16:21:13Z,25,NA,WF,NA,Natural,45.530667,-106.47325,NFIS,71,49.3,NA,NA,Montana,not_contained
2026-MTNCA-000735,Coal Seam Fire,MT,Big Horn,2026-08-23T21:09:00Z,2026-08-25T02:17:27Z,30,NA,WF,NA,Natural,45.634953,-106.873422,NFIS,45,43.9,NA,NA,Montana,not_contained
2026-MTNCA-000792,Tie Creek Fire,MT,Rosebud,2026-09-05T21:32:09Z,2026-09-10T18:31:26Z,167,100,WF,Minimal,Undetermined,45.313833,-106.535667,NFIS,32,27.2,NA,NA,Montana,contained
2026-NMCAF-000747,Mogote Ridge Fire,NM,Rio Arriba,2026-08-26T18:20:00Z,2026-09-06T22:45:57Z,152,100,WF,Minimal,Undetermined,36.487008,-106.314694,NFIS,42,31,NA,NA,New Mexico,contained
2026-NMCIF-000540,Whiskey Fire,NM,Torrance,2026-08-21T19:50:00Z,2026-09-14T17:24:59Z,542,75,WF,Minimal,Natural,34.683627,-106.427359,NFIS,47,23.2,NA,NA,New Mexico,not_contained
2026-NMGNF-000354,Sacaton Fire,NM,Catron,2026-06-21T21:36:00Z,2026-07-13T21:38:52Z,9861,100,WF,Minimal,Natural,33.268962,-108.675565,NFIS,108,86.1,NA,NA,New Mexico,contained
2026-NMSNF-000444,Frijoles Fire,NM,Santa Fe,2026-08-05T00:57:00Z,2026-09-14T15:36:28Z,15956,90,WF,Minimal,Natural,35.909815,-105.857387,NFIS,63,23.3,NA,NA,New Mexico,not_contained
2026-NVBMD-020713,Harvey Fire,NV,Esmeralda,2026-09-23T18:12:07Z,2026-09-28T15:51:49Z,146,100,WF,Minimal,Natural,37.634167,-117.431333,NFIS,14,9.3,NA,NA,Nevada,contained
2026-NVECFX-010656,Jones Fire,NV,Elko,2026-10-06T02:02:00Z,2026-10-06T21:13:34Z,1657,75,WF,Minimal,Undetermined,40.0254,-115.198133,NFIS,1,1.1,NA,NA,Nevada,not_contained
2026-NVTMFX-030869,Bull Fire,NV,Washoe,2026-10-02T17:57:38Z,2026-10-04T00:31:58Z,1529,69,WF,Minimal,Human,39.541167,-119.985667,NFIS,5,3.9,NA,NA,Nevada,not_contained
2026-NVWID-020620,Mcconnell Fire,NV,Humboldt,2026-08-25T22:29:00Z,2026-10-05T18:51:42Z,33816,99,WF,Moderate,Natural,41.53757,-117.724085,NFIS,43,2.2,NA,NA,Nevada,not_contained
2026-OKANA-002871,Gracemont Fire,OK,Caddo,2026-09-13T19:32:00Z,2026-09-21T00:59:11Z,2690,100,WF,Minimal,Undetermined,35.322764,-98.236762,NFIS,24,16.9,NA,NA,Oklahoma,contained
2026-OKCOA-003010,Bitter Creek Fire,OK,Blaine,2026-09-23T19:42:00Z,2026-09-24T22:02:29Z,113,NA,WF,NA,Human,35.905517,-98.434667,NFIS,14,13,NA,NA,Oklahoma,not_contained
2026-OR733S-000196,Olalla Rd Fire,OR,Douglas,2026-08-22T21:59:00Z,2026-09-09T18:24:45Z,22.9,NA,WF,NA,Human,43.08803333,-123.53413333,NFIS,46,28.2,NA,NA,Oregon,not_contained
2026-OR953S-000489,Parrish Fire,OR,Wheeler,2026-07-16T19:46:00Z,2026-09-08T15:52:06Z,404,100,WF,Active,Natural,44.77574,-119.826947,NFIS,83,29.3,NA,NA,Oregon,contained
2026-OR973S-000206,North Cayuse Fire,OR,Umatilla,2026-07-04T22:01:00Z,2026-08-03T22:56:47Z,4887,97,WF,Minimal,Human,45.688538,-118.5985,NFIS,95,65,NA,NA,Oregon,not_contained
2026-ORBUD-002693,Second Flat Fire,OR,Harney,2026-07-24T22:53:00Z,2026-08-19T18:30:19Z,105854,99,WF,Minimal,Natural,43.608667,-119.439167,NFIS,75,49.2,NA,NA,Oregon,not_contained
2026-ORBUD-002694,Jackass Butte Fire,OR,Harney,2026-07-25T00:31:00Z,2026-08-19T02:39:42Z,24724,92,WF,Minimal,Natural,43.045,-118.955667,NFIS,74,49.9,NA,NA,Oregon,not_contained
2026-ORFWF-260286,Wrights Spring Fire,OR,Klamath,2026-08-05T21:56:00Z,2026-09-13T01:10:28Z,55134,100,WF,Minimal,Human,42.436163,-121.751126,NFIS,63,24.9,NA,NA,Oregon,contained
2026-ORMAR-002683,Stubble Fire,OR,Harney,2026-07-23T18:54:00Z,2026-07-29T22:37:17Z,15673,93,WF,Minimal,Natural,43.18,-118.92,NFIS,76,70,NA,NA,Oregon,not_contained
2026-ORMHF-000688,Grasshopper Fire,OR,Wasco,2026-07-24T02:41:00Z,2026-09-29T23:01:10Z,93972,98,WF,Minimal,Natural,45.242462,-121.537304,NFIS,75,8,NA,NA,Oregon,not_contained
2026-ORMHF-000855,The Narrows Fire,OR,Clackamas,2026-08-08T16:21:00Z,2026-09-17T13:45:02Z,305,98,WF,Minimal,Human,45.146901,-122.093611,NFIS,60,20.4,NA,NA,Oregon,not_contained
2026-ORMHF-000863,Austin Fire,OR,Clackamas,2026-08-09T17:12:59Z,2026-09-29T23:26:20Z,12888,98,WF,Minimal,Human,45.03,-121.96,NFIS,59,8,NA,NA,Oregon,not_contained
2026-ORPRD-000432,0432 Fire,OR,Wasco,2026-07-15T23:20:07Z,2026-09-08T15:50:48Z,2183,100,WF,NA,Natural,45.0036,-120.752,NFIS,83,29.3,NA,NA,Oregon,contained
2026-ORPRD-000445,Crosswhite Fire,OR,Wheeler,2026-07-16T00:51:54Z,2026-09-18T21:54:20Z,342923,100,WF,Active,Natural,44.803333,-120.199167,NFIS,83,19,NA,NA,Oregon,contained
2026-ORPRD-000446,Camel Hump Fire,OR,Wheeler,2026-07-16T00:53:00Z,2026-09-08T15:49:39Z,6789,100,WF,Active,Natural,44.761667,-120.052,NFIS,83,29.3,NA,NA,Oregon,contained
2026-ORPRD-000482,Cherry Creek Fire,OR,Jefferson,2026-07-16T18:40:09Z,2026-09-10T21:34:17Z,16,100,WF,NA,Natural,44.73153,-120.43117,NFIS,83,27.1,NA,NA,Oregon,contained
2026-ORPRD-000485,Deep Canyon Fire,OR,Wasco,2026-07-16T19:11:00Z,2026-09-08T15:51:13Z,9170,100,WF,Active,Natural,44.894667,-120.87,NFIS,83,29.3,NA,NA,Oregon,contained
2026-ORUMA-000216,Goad Fire,OR,Umatilla,2026-07-07T22:35:43Z,2026-08-22T20:02:20Z,1,NA,WF,NA,Human,45.6605,-118.722,NFIS,92,46.1,NA,NA,Oregon,not_contained
2026-ORUMF-000222,Salmon Fire,OR,Grant,2026-07-08T07:16:00Z,2026-08-06T19:24:25Z,1433,100,WF,Minimal,Natural,44.713292,-118.536644,NFIS,91,62.2,NA,NA,Oregon,contained
2026-ORUMF-000302,Paradise Fire,OR,Wallowa,2026-07-16T19:38:00Z,2026-09-15T06:53:13Z,9656,86,WF,Minimal,Natural,45.975728,-118.007951,NFIS,83,22.7,NA,NA,Oregon,not_contained
2026-ORUMF-000324,Hagen Fire,OR,Umatilla,2026-07-16T23:20:00Z,2026-09-23T13:39:42Z,61380,99,WF,Minimal,Natural,45.707,-118.269,NFIS,82,14.4,NA,NA,Oregon,not_contained
2026-ORWIF-260349,Deep Creek Fire,OR,Lane,2026-08-31T20:09:00Z,2026-09-03T00:02:06Z,56,NA,WF,NA,Human,43.971417,-122.393217,NFIS,37,35,NA,NA,Oregon,not_contained
2026-ORWWF-000227,Anthony Fire,OR,Baker,2026-07-08T18:14:00Z,2026-09-08T19:52:12Z,2584,100,WF,Minimal,Natural,44.992651,-118.099469,NFIS,91,29.1,NA,NA,Oregon,contained
2026-ORWWF-000531,Mccully Fire,OR,Baker,2026-08-22T21:28:00Z,2026-09-15T15:53:00Z,13604,91,WF,Minimal,Natural,44.827902,-118.280776,NFIS,46,22.3,NA,NA,Oregon,not_contained
2026-PRLCR-001956,Aa - Fosforo Fire,PR,Lajas,2026-06-20T16:43:12Z,2026-09-23T13:18:48Z,100,NA,WF,NA,Undetermined,17.99126,-67.06471,NFIS,109,14.4,NA,NA,NA,not_contained
2026-SCCSP-000339,Harry Hampton East Csp Rx Fire,SC,Richland,2026-06-10T14:03:00Z,2026-10-06T20:27:43Z,212,NA,RX,NA,Undetermined,33.8335,-80.82405,NFIS,119,1.1,NA,NA,South Carolina,not_contained
2026-SCCSP-000340,Rcw Rx Csp Fire,SC,Richland,2026-06-10T15:14:42Z,2026-10-06T20:29:18Z,243,NA,RX,NA,Undetermined,33.831367,-80.8078,NFIS,119,1.1,NA,NA,South Carolina,not_contained
2026-UTUOA-100254,Slough Canyon Fire,UT,Grand,2026-08-15T17:00:00Z,2026-08-31T21:01:26Z,4774,80,WF,Minimal,Natural,39.3697,-109.9232,NFIS,53,37.1,NA,NA,Utah,not_contained
2026-WACOA-260140,Kaiser Canyon Fire,WA,Okanogan,2026-07-16T12:30:00Z,2026-08-24T19:06:00Z,138293,100,WF,Minimal,Natural,48.056369,-118.986053,NFIS,83,44.2,NA,NA,Washington,contained
2026-WAGNRN-260851,Black Rock 2 Fire,WA,Grant,2026-09-27T20:26:00Z,2026-10-01T16:29:50Z,160,NA,WF,NA,Human,47.294523,-119.24509,NFIS,10,6.3,NA,NA,Washington,not_contained
2026-WAGPF-000684,High Lava Fire,WA,Skamania,2026-07-23T23:44:00Z,2026-09-04T19:12:41Z,2899,90,WF,Minimal,Natural,45.881,-122.10325,NFIS,75,33.2,NA,NA,Washington,not_contained
2026-WAMRP-000952,West Fork Fire,WA,Pierce,2026-08-23T00:09:26Z,2026-09-08T11:31:35Z,310,16,WF,NA,Natural,46.94685,-121.71705,NFIS,45,29.5,NA,NA,Washington,not_contained
2026-WAMRP-000968,Garda Falls Fire,WA,Pierce,2026-08-24T20:03:11Z,2026-09-08T11:31:35Z,73,0,WF,NA,Natural,46.922,-121.719833,NFIS,44,29.5,NA,NA,Washington,not_contained
2026-WAMSF-000494,Electric Fire,WA,Whatcom,2026-08-23T02:20:00Z,2026-09-12T19:49:38Z,495,90,WF,Minimal,Undetermined,48.65203,-121.43189,NFIS,45,25.1,NA,NA,Washington,not_contained
2026-WANCP-000179,Luna Fire,WA,Whatcom,2026-07-02T19:06:00Z,2026-09-23T01:59:47Z,8553,42,WF,Minimal,Natural,48.821137,-121.209693,NFIS,97,14.9,NA,NA,Washington,not_contained
2026-WANCP-000266,Border 2 Fire,WA,Whatcom,2026-07-17T01:14:00Z,2026-09-28T00:45:38Z,9108,75,WF,Moderate,Natural,48.998173,-121.027664,NFIS,82,9.9,NA,NA,Washington,not_contained
2026-WANES-001791,Sinlahekin Fire,WA,Okanogan,2026-07-26T21:12:00Z,2026-10-04T16:09:26Z,166007,99,WF,Minimal,Undetermined,48.6922,-119.7137,NFIS,73,3.3,NA,NA,Washington,not_contained
2026-WANES-260149,Modrite Fire,WA,Ferry,2026-07-17T14:51:00Z,2026-08-21T12:44:10Z,57594,100,WF,Minimal,Natural,48.071816,-118.360957,NFIS,82,47.4,NA,NA,Washington,contained
2026-WAOWF-260406,Little Giant Fire,WA,Chelan,2026-07-16T01:17:54Z,2026-10-07T12:31:19Z,172904,93,WF,Minimal,Natural,47.982755,-120.834068,NFIS,83,0.4,NA,NA,Washington,not_contained
2026-WAOWF-260420,Three Queens Fire,WA,Kittitas,2026-07-16T04:28:00Z,2026-09-29T01:23:16Z,9575,33,WF,Minimal,Natural,47.44183,-121.25023,NFIS,83,8.9,NA,NA,Washington,not_contained
2026-WAOWF-260448,Ptarmigan Fire,WA,Okanogan,2026-07-17T15:21:00Z,2026-09-23T00:43:12Z,25166,75,WF,Minimal,Natural,48.942,-120.6095,NFIS,82,14.9,NA,NA,Washington,not_contained
2026-WAOWF-260664,Sisi Fire,WA,Chelan,2026-08-14T18:03:23Z,2026-10-07T12:12:20Z,4385,29,WF,Moderate,Natural,48.345596,-120.832062,NFIS,54,0.5,NA,NA,Washington,not_contained
2026-WAOWF-260699,King Fire,WA,Kittitas,2026-08-19T23:09:24Z,2026-09-29T01:23:52Z,3427,36,WF,Minimal,Undetermined,47.479167,-121.256389,NFIS,48,8.9,NA,NA,Washington,not_contained
2026-WASES-000662,Whiskey Creeks Fire,WA,Walla Walla,2026-09-29T14:55:03Z,2026-09-30T22:15:03Z,120,NA,WF,NA,Human,46.226107,-118.075901,NFIS,8,7,NA,NA,Washington,not_contained
2026-WAWFS-000664,Hatch Grade Fire,WA,Walla Walla,2026-09-29T23:04:24Z,2026-10-03T15:03:40Z,9023,70,WF,Minimal,Undetermined,46.032167,-118.858833,NFIS,7,4.3,NA,NA,Washington,not_contained
2026-WAWFS-260847,Second Street Fire,WA,Benton,2026-09-25T22:02:25Z,2026-10-03T16:15:19Z,1149,95,WF,Minimal,Human,46.243039,-119.467838,NFIS,12,4.3,NA,NA,Washington,not_contained
2026-WAYAA-000069,Signal Peak Fire,WA,Yakima,2026-07-24T22:57:04Z,2026-07-26T15:53:04Z,3000,100,WF,Minimal,Human,46.362281,-120.732219,NFIS,75,73.3,NA,NA,Washington,contained
2026-WIWIS-FIRE125349,Bog Fire,WI,Iron,2026-09-12T05:52:00Z,2026-09-15T18:30:51Z,94,NA,WF,NA,Natural,46.13219,-89.9674,NFIS,25,22.2,NA,NA,Wisconsin,not_contained
2026-WIWIS-FIRE125361,Murray South Fire,WI,Iron,2026-09-12T07:00:00Z,2026-09-28T20:02:13Z,4.29,NA,WF,NA,Natural,46.07056,-90.08676,NFIS,25,9.1,NA,NA,Wisconsin,not_contained
2026-WIWIS-FIRE125362,Lobster Fire,WI,Burnett,2026-09-28T14:00:00Z,2026-10-07T18:26:32Z,2.89,NA,WF,NA,Human,45.98638,-92.34463,NFIS,9,0.2,NA,NA,Wisconsin,not_contained
2026-WIWIS-FIRE125367,9th Ave Fire,WI,Juneau,2026-10-03T19:55:00Z,2026-10-07T18:12:51Z,0.39,NA,WF,NA,Human,44.14077,-90.297,NFIS,4,0.2,NA,NA,Wisconsin,not_contained
2026-WIWIS-FIRE125368,Camper Fire,WI,Florence,2026-10-05T18:40:00Z,2026-10-07T18:14:51Z,0.1,NA,WF,NA,Human,45.88702,-88.17301,NFIS,2,0.2,NA,NA,Wisconsin,not_contained
2026-WIWIS-FIRE125371,Lune Island Fire,WI,Vilas,2026-10-06T05:00:00Z,2026-10-07T18:23:49Z,0.3,NA,WF,NA,Natural,46.1246,-89.38174,NFIS,1,0.2,NA,NA,Wisconsin,not_contained
2026-WIWIS-FIRE125375,Bookcase Fire,WI,Adams,2026-10-06T18:00:00Z,2026-10-07T18:21:03Z,0.1,NA,WF,NA,Human,44.0203,-89.77679,NFIS,1,0.2,NA,NA,Wisconsin,not_contained
2026-WIWIS-FIRE125379,Drop Fire,WI,Marinette,2026-10-07T05:00:00Z,2026-10-07T20:19:33Z,0.4,NA,WF,NA,Human,45.25172,-88.23776,NFIS,0,0.1,NA,NA,Wisconsin,not_contained
2026-WYBHF-000369,Cabin Springs Fire,WY,Washakie,2026-09-23T20:09:00Z,2026-09-30T20:13:32Z,149,100,WF,Minimal,Undetermined,44.12362,-107.256088,NFIS,14,7.1,NA,NA,Wyoming,contained
2026-WYCMX-000482,Spring Creek 2 Fire,WY,Campbell,2026-09-08T18:58:00Z,2026-09-11T17:28:25Z,0.1,NA,WF,NA,Human,44.557746,-105.364702,NFIS,29,26.2,NA,NA,Wyoming,not_contained
2026-WYHDD-000478,Moonshine Fire,WY,Albany,2026-09-07T21:15:00Z,2026-09-18T01:50:33Z,7325,100,WF,Minimal,Natural,41.961136,-105.2366,NFIS,30,19.9,NA,NA,Wyoming,contained
2026-WYJOX-000489,Ponderosa Fire Fire,WY,Johnson,2026-09-10T22:00:36Z,2026-09-14T15:12:13Z,0.5,NA,WF,NA,Human,44.574647,-106.894232,NFIS,27,23.3,NA,NA,Wyoming,not_contained
2026-WYPAX-000377,Monk Fire,WY,Park,2026-09-29T19:57:00Z,2026-09-30T15:34:48Z,41.25,NA,WF,NA,Undetermined,44.1928,-108.869,NFIS,8,7.3,NA,NA,Wyoming,not_contained
2026-WYSHF-000386,Spout Springs Fire,WY,Park,2026-10-05T20:44:00Z,2026-10-06T14:40:28Z,1.7,NA,WF,NA,Undetermined,44.616542,-109.258862,NFIS,2,1.3,NA,NA,Wyoming,not_contained
NA,Mineral Fire,CA,Placer,2026-09-20T13:07:10Z,2026-10-05T04:01:05Z,17,100,Wildfire,NA,NA,39.105732,-120.871037,Cal Fire,17,2,Iowa Hill Rd west of Iowa Hill,https://www.fire.ca.gov/incidents/2026/9/20/mineral-fire/,California,contained
NA,Juniper Fire,CA,San Bernardino,2026-09-25T20:34:50Z,2026-10-07T01:12:09Z,73,70,Wildfire,NA,NA,34.3968294,-117.1638398,Cal Fire,12,0,"Bowen Ranch Road and Juniper Flats Road, Apple Valley",https://www.fire.ca.gov/incidents/2026/9/25/juniper-fire/,California,not_contained
NA,Blind Fire,CA,Mono,2026-09-26T21:58:38Z,2026-10-07T01:12:03Z,43,20,Wildfire,NA,NA,37.847523,-118.535614,Cal Fire,11,0,"CA-120 near Black Lake Road, West of Benton",https://www.fire.ca.gov/incidents/2026/9/26/blind-fire/,California,not_contained
NA,Mustang Fire,CA,San Bernardino,2026-10-02T23:13:22Z,2026-10-07T14:02:26Z,12,100,Wildfire,NA,NA,34.0041111,-117.0655405,Cal Fire,5,0,"7th Pl & West County Line Road, Calimesa",https://www.fire.ca.gov/incidents/2026/10/2/mustang-fire/,California,contained
NA,Bouquet Fire,CA,Los Angeles,2026-10-03T21:19:03Z,2026-10-07T14:30:21Z,1048,74,Wildfire,NA,NA,34.561763,-118.404089,Cal Fire,4,0,"Bouquet Canyon Road and Quarry Road, Angeles National Forest",https://www.fire.ca.gov/incidents/2026/10/3/bouquet-fire/,California,not_contained
NA,Slink Fire,CA,Mono,2026-10-03T22:57:17Z,2026-10-07T22:11:56Z,196,100,Wildfire,NA,NA,38.6341,-119.528,Cal Fire,4,0,"Highway 395 just south of Highway 89, Topaz",https://www.fire.ca.gov/incidents/2026/10/3/slink-fire/,California,contained
NA,Harford Fire,CA,Riverside,2026-10-04T20:52:16Z,2026-10-07T14:55:37Z,59,95,Wildfire,NA,NA,33.812961,-117.342578,Cal Fire,3,0,"Harford Park Lane, Perris",https://www.fire.ca.gov/incidents/2026/10/4/harford-fire/,California,not_contained
NA,Fork Fire,CA,Shasta,2026-10-05T20:17:16Z,2026-10-07T21:54:27Z,59,60,Wildfire,NA,NA,40.760659,-122.602509,Cal Fire,2,0,"East Fork Road, French Gulch",https://www.fire.ca.gov/incidents/2026/10/5/fork-fire/,California,not_contained
NA,Bloomfield Fire,CA,Nevada,2026-10-05T23:48:14Z,2026-10-06T13:39:34Z,0,100,Wildfire,NA,NA,39.35,-120.9,Cal Fire,2,1,"North Bloomfield Graniteville Road /Back Bone Road , North San Juan",https://www.fire.ca.gov/incidents/2026/10/5/bloomfield-fire/,California,contained
NA,Pico Fire,CA,Riverside,2026-10-06T18:59:26Z,2026-10-07T14:55:40Z,173,90,Wildfire,NA,NA,33.83068,-117.16686,Cal Fire,1,0,"Ramona Expressway and Pico Avenue, Nuevo ",https://www.fire.ca.gov/incidents/2026/10/6/pico-fire/,California,not_contained
NA,Carancho Fire,CA,Riverside,2026-10-07T01:02:08Z,2026-10-07T22:45:44Z,14,60,Wildfire,NA,NA,33.44384,-117.23509,Cal Fire,0,0,"Carancho Road and Frens Road, Temecula",https://www.fire.ca.gov/incidents/2026/10/6/carancho-fire/,California,not_contained
NA,Oak Fire,CA,Santa Cruz,2026-10-07T07:58:09Z,2026-10-07T13:22:04Z,1,100,Fire,NA,NA,37.1264,-122.0486,Cal Fire,0,0,"Lompico and Oak Roads, Zayante",https://www.fire.ca.gov/incidents/2026/10/7/oak-fire/,California,contained
NA,Haven Fire,CA,Santa Cruz,2026-10-07T08:59:43Z,2026-10-07T13:21:47Z,1,100,Fire,NA,NA,37.4076,-121.358,Cal Fire,0,0,Soquel,https://www.fire.ca.gov/incidents/2026/10/7/haven-fire/,California,contained
NA,Riosa Fire,CA,Placer,2026-10-07T20:11:52Z,2026-10-07T22:34:15Z,46,100,Wildfire,NA,NA,38.98488,-121.32923,Cal Fire,0,0,"Riosa Road, Sheridan ",https://www.fire.ca.gov/incidents/2026/10/7/riosa-fire/,California,contained
